Goal,Target,Indicator,SeriesCode,Country,Time,Val,ValType,Age,Freq,Location,Nature,Sex,Units,ValueType
14,14.4,14.4.1,ER_H2O_FISHOVEXP,World,2009,29.873418,Float,All,A,T,NA,Total,Percentage,P
14,14.4,14.4.1,ER_H2O_FISHOVEXP,World,2000,27.437642,Float,All,A,T,NA,Total,Percentage,P
14,14.4,14.4.1,ER_H2O_FISHOVEXP,World,2011,28.741093,Float,All,A,T,NA,Total,Percentage,P
14,14.4,14.4.1,ER_H2O_FISHOVEXP,World,1997,23.641304,Float,All,A,T,NA,Total,Percentage,P
14,14.4,14.4.1,ER_H2O_FISHOVEXP,World,1985,18.181818,Float,All,A,T,NA,Total,Percentage,P
14,14.4,14.4.1,ER_H2O_FISHOVEXP,World,1987,24.60733,Float,All,A,T,NA,Total,Percentage,P
14,14.4,14.4.1,ER_H2O_FISHOVEXP,World,1990,18.617021,Float,All,A,T,NA,Total,Percentage,P
14,14.4,14.4.1,ER_H2O_FISHOVEXP,World,1992,24.774775,Float,All,A,T,NA,Total,Percentage,P
14,14.4,14.4.1,ER_H2O_FISHOVEXP,World,1995,27.038627,Float,All,A,T,NA,Total,Percentage,P
14,14.4,14.4.1,ER_H2O_FISHOVEXP,World,2008,32.494759,Float,All,A,T,NA,Total,Percentage,P
14,14.4,14.4.1,ER_H2O_FISHOVEXP,World,2013,31.359649,Float,All,A,T,NA,Total,Percentage,P
14,14.4,14.4.1,ER_H2O_FISHOVEXP,World,2006,27.967807,Float,All,A,T,NA,Total,Percentage,P
14,14.4,14.4.1,ER_H2O_FISHOVEXP,World,2004,24.375,Float,All,A,T,NA,Total,Percentage,P
14,14.4,14.4.1,ER_H2O_FISHOVEXP,World,1983,16.666667,Float,All,A,T,NA,Total,Percentage,P
14,14.4,14.4.1,ER_H2O_FISHOVEXP,World,1989,26.842105,Float,All,A,T,NA,Total,Percentage,P
14,14.4,14.4.1,ER_H2O_FWTL,World,2006,72.032189,Float,All,A,T,NA,Total,Percentage,P
14,14.4,14.4.1,ER_H2O_FWTL,World,2009,70.126578,Float,All,A,T,NA,Total,Percentage,P
14,14.4,14.4.1,ER_H2O_FWTL,World,2013,68.640356,Float,All,A,T,NA,Total,Percentage,P
14,14.4,14.4.1,ER_H2O_FWTL,World,2000,72.562355,Float,All,A,T,NA,Total,Percentage,P
14,14.4,14.4.1,ER_H2O_FISHNFEXP,World,2009,12.658228,Float,All,A,T,NA,Total,Percentage,P
14,14.4,14.4.1,ER_H2O_FISHNFEXP,World,2011,9.976247,Float,All,A,T,NA,Total,Percentage,P
14,14.4,14.4.1,ER_H2O_FISHNFEXP,World,1983,30.666667,Float,All,A,T,NA,Total,Percentage,P
14,14.4,14.4.1,ER_H2O_FISHNFEXP,World,1985,31.550802,Float,All,A,T,NA,Total,Percentage,P
14,14.4,14.4.1,ER_H2O_FISHNFEXP,World,1987,31.413613,Float,All,A,T,NA,Total,Percentage,P
14,14.4,14.4.1,ER_H2O_FISHNFEXP,World,2000,25.396825,Float,All,A,T,NA,Total,Percentage,P
14,14.4,14.4.1,ER_H2O_FISHNFEXP,World,2004,22.916667,Float,All,A,T,NA,Total,Percentage,P
14,14.4,14.4.1,ER_H2O_FISHNFEXP,World,2013,10.526316,Float,All,A,T,NA,Total,Percentage,P
14,14.4,14.4.1,ER_H2O_FISHNFEXP,World,2006,20.523139,Float,All,A,T,NA,Total,Percentage,P
14,14.4,14.4.1,ER_H2O_FISHNFEXP,World,2008,14.675052,Float,All,A,T,NA,Total,Percentage,P
14,14.4,14.4.1,ER_H2O_FISHNFEXP,World,1989,30.526316,Float,All,A,T,NA,Total,Percentage,P
14,14.4,14.4.1,ER_H2O_FISHNFEXP,World,1997,26.630435,Float,All,A,T,NA,Total,Percentage,P
14,14.4,14.4.1,ER_H2O_FISHNFEXP,World,1990,31.382979,Float,All,A,T,NA,Total,Percentage,P
14,14.4,14.4.1,ER_H2O_FISHNFEXP,World,1992,29.279279,Float,All,A,T,NA,Total,Percentage,P
14,14.4,14.4.1,ER_H2O_FISHNFEXP,World,1995,29.613734,Float,All,A,T,NA,Total,Percentage,P
14,14.5,14.5.1,ER_MRN_MARINT,Landlocked developing countries (LLDCs),2015,4999.80280469641,Float,All,A,T,NA,Total,Km^2,P
14,14.5,14.5.1,ER_MRN_MARINT,Niue,2016,36,Float,All,A,T,NA,Total,Km^2,P
14,14.5,14.5.1,ER_MRN_MARINT,Saint Martin (French Part),2016,1032,Float,All,A,T,NA,Total,Km^2,P
14,14.5,14.5.1,ER_MRN_MARINT,World,2015,16831695.96103327000,Float,All,A,T,NA,Total,Km^2,P
14,14.5,14.5.1,ER_MRN_MARINT,Trinidad and Tobago,2016,37,Float,All,A,T,NA,Total,Km^2,P
14,14.5,14.5.1,ER_MRN_MARINT,Pitcairn,2016,845793,Float,All,A,T,NA,Total,Km^2,P
14,14.5,14.5.1,ER_MRN_MARINT,Australia and New Zealand,2015,4523048.81673425100,Float,All,A,T,NA,Total,Km^2,P
14,14.5,14.5.1,ER_MRN_MARINT,Namibia,2016,9646,Float,All,A,T,NA,Total,Km^2,P
14,14.5,14.5.1,ER_MRN_MARINT,Congo (Brazzaville),2016,1278,Float,All,A,T,NA,Total,Km^2,P
14,14.5,14.5.1,ER_MRN_MARINT,Senegal,2016,1747,Float,All,A,T,NA,Total,Km^2,P
14,14.5,14.5.1,ER_MRN_MARINT,South Africa,2016,186323,Float,All,A,T,NA,Total,Km^2,P
14,14.5,14.5.1,ER_MRN_MARINT,Costa Rica,2016,4802,Float,All,A,T,NA,Total,Km^2,P
14,14.5,14.5.1,ER_MRN_MARINT,Martinique,2016,47576,Float,All,A,T,NA,Total,Km^2,P
14,14.5,14.5.1,ER_MRN_MARINT,Kazakhstan,2016,1250,Float,All,A,T,NA,Total,Km^2,P
14,14.5,14.5.1,ER_MRN_MARINT,Saint Kitts and Nevis,2016,17,Float,All,A,T,NA,Total,Km^2,P
14,14.5,14.5.1,ER_MRN_MARINT,Cayman Islands,2016,93,Float,All,A,T,NA,Total,Km^2,P
14,14.5,14.5.1,ER_MRN_MARINT,Saint Lucia,2016,34,Float,All,A,T,NA,Total,Km^2,P
14,14.5,14.5.1,ER_MRN_MARINT,Nicaragua,2016,6563,Float,All,A,T,NA,Total,Km^2,P
14,14.5,14.5.1,ER_MRN_MARINT,Papua New Guinea,2016,4586,Float,All,A,T,NA,Total,Km^2,P
14,14.5,14.5.1,ER_MRN_MARINT,Sint Maarten (Dutch part)	,2016,27,Float,All,A,T,NA,Total,Km^2,P
14,14.5,14.5.1,ER_MRN_MARINT,Saint Helena,2016,453613,Float,All,A,T,NA,Total,Km^2,P
14,14.5,14.5.1,ER_MRN_MARINT,Panama,2016,5593,Float,All,A,T,NA,Total,Km^2,P
14,14.5,14.5.1,ER_MRN_MARINT,Saint Vincent and the Grenadines	,2016,80,Float,All,A,T,NA,Total,Km^2,P
14,14.5,14.5.1,ER_MRN_MARINT,Solomon Islands,2016,1900,Float,All,A,T,NA,Total,Km^2,P
14,14.5,14.5.1,ER_MRN_MARINT,Sao Tome and Principe,2016,35,Float,All,A,T,NA,Total,Km^2,P
14,14.5,14.5.1,ER_MRN_MARINT,Northern America and Europe,2010,4258412.65917067400,Float,All,A,T,NA,Total,Km^2,P
14,14.5,14.5.1,ER_MRN_MARINT,Least Developed Countries (LDCs),2016,480456.64169050567,Float,All,A,T,NA,Total,Km^2,P
14,14.5,14.5.1,ER_MRN_MARINT,Latin America and the Caribbean,2010,694189.26028328020,Float,All,A,T,NA,Total,Km^2,P
14,14.5,14.5.1,ER_MRN_MARINT,Guinea,2016,583,Float,All,A,T,NA,Total,Km^2,P
14,14.5,14.5.1,ER_MRN_MARINT,Oceania (exc. Australia and New Zealand),2015,3842140.87963088970,Float,All,A,T,NA,Total,Km^2,P
14,14.5,14.5.1,ER_MRN_MARINT,Small island developing States (SIDS),2016,2638096.51935304380,Float,All,A,T,NA,Total,Km^2,P
14,14.5,14.5.1,ER_MRN_MARINT,Nigeria,2016,31,Float,All,A,T,NA,Total,Km^2,P
14,14.5,14.5.1,ER_MRN_MARINT,Gabon,2016,1873,Float,All,A,T,NA,Total,Km^2,P
14,14.5,14.5.1,ER_MRN_MARINT,United States Virgin Islands	,2016,306,Float,All,A,T,NA,Total,Km^2,P
14,14.5,14.5.1,ER_MRN_MARINT,Eastern and South-Eastern Asia,2015,540133.31063566360,Float,All,A,T,NA,Total,Km^2,P
14,14.5,14.5.1,ER_MRN_MARINT,US Minor Outlying Islands,2016,1279788,Float,All,A,T,NA,Total,Km^2,P
14,14.5,14.5.1,ER_MRN_MARINT,British Virgin Islands,2016,45,Float,All,A,T,NA,Total,Km^2,P
14,14.5,14.5.1,ER_MRN_MARINT,Liberia,2016,252,Float,All,A,T,NA,Total,Km^2,P
14,14.5,14.5.1,ER_MRN_MARINT,Landlocked developing countries (LLDCs),2016,4999.80280469641,Float,All,A,T,NA,Total,Km^2,P
14,14.5,14.5.1,ER_MRN_MARINT,Palau,2016,504677,Float,All,A,T,NA,Total,Km^2,P
14,14.5,14.5.1,ER_MRN_MARINT,New Zealand,2016,1246173,Float,All,A,T,NA,Total,Km^2,P
14,14.5,14.5.1,ER_MRN_MARINT,Cocos (Keeling) Islands,2016,26,Float,All,A,T,NA,Total,Km^2,P
14,14.5,14.5.1,ER_MRN_MARINT,"Micronesia, Federated States of",2016,529,Float,All,A,T,NA,Total,Km^2,P
14,14.5,14.5.1,ER_MRN_MARINT,Heard and Mcdonald Islands,2016,64169,Float,All,A,T,NA,Total,Km^2,P
14,14.5,14.5.1,ER_MRN_MARINT,Central Asia and Southern Asia (SDG),2015,17640.83358875363,Float,All,A,T,NA,Total,Km^2,P
14,14.5,14.5.1,ER_MRN_MARINT,Australia,2016,3021418,Float,All,A,T,NA,Total,Km^2,P
14,14.5,14.5.1,ER_MRN_MARINT,Northern Africa and Western Asia,2015,35188.16945740762,Float,All,A,T,NA,Total,Km^2,P
14,14.5,14.5.1,ER_MRN_MARINT,French Polynesia,2016,207,Float,All,A,T,NA,Total,Km^2,P
14,14.5,14.5.1,ER_MRN_MARINT,Sub-Saharan Africa,2015,1472034.85007287030,Float,All,A,T,NA,Total,Km^2,P
14,14.5,14.5.1,ER_MRN_MARINT,Fiji,2016,11953,Float,All,A,T,NA,Total,Km^2,P
14,14.5,14.5.1,ER_MRN_MARINT,Cook Islands,2016,15,Float,All,A,T,NA,Total,Km^2,P
14,14.5,14.5.1,ER_MRN_MARINT,Norfolk Island,2016,4,Float,All,A,T,NA,Total,Km^2,P
14,14.5,14.5.1,ER_MRN_MARINT,Latin America and the Caribbean,2015,1812889.26544781260,Float,All,A,T,NA,Total,Km^2,P
14,14.5,14.5.1,ER_MRN_MARINT,New Caledonia,2016,1321612,Float,All,A,T,NA,Total,Km^2,P
14,14.5,14.5.1,ER_MRN_MARINT,Mauritania,2016,6488,Float,All,A,T,NA,Total,Km^2,P
14,14.5,14.5.1,ER_MRN_MARINT,Small island developing States (SIDS),2015,2638096.42817807760,Float,All,A,T,NA,Total,Km^2,P
14,14.5,14.5.1,ER_MRN_MARINT,Vanuatu,2016,48,Float,All,A,T,NA,Total,Km^2,P
14,14.5,14.5.1,ER_MRN_MARINT,Australia and New Zealand,2016,4523048.81673425100,Float,All,A,T,NA,Total,Km^2,P
14,14.5,14.5.1,ER_MRN_MARINT,Samoa,2016,113,Float,All,A,T,NA,Total,Km^2,P
14,14.5,14.5.1,ER_MRN_MARINT,Equatorial Guinea,2016,730,Float,All,A,T,NA,Total,Km^2,P
14,14.5,14.5.1,ER_MRN_MARINT,Turks and Caicos Islands,2016,150,Float,All,A,T,NA,Total,Km^2,P
14,14.5,14.5.1,ER_MRN_MARINT,Togo,2016,31,Float,All,A,T,NA,Total,Km^2,P
14,14.5,14.5.1,ER_MRN_MARINT,Dominican Republic,2016,24599,Float,All,A,T,NA,Total,Km^2,P
14,14.5,14.5.1,ER_MRN_MARINT,Oceania (exc. Australia and New Zealand),2016,4687932.58998270900,Float,All,A,T,NA,Total,Km^2,P
14,14.5,14.5.1,ER_MRN_MARINT,Grenada,2016,11,Float,All,A,T,NA,Total,Km^2,P
14,14.5,14.5.1,ER_MRN_MARINT,Tokelau,2016,10,Float,All,A,T,NA,Total,Km^2,P
14,14.5,14.5.1,ER_MRN_MARINT,Marshall Islands,2016,5388,Float,All,A,T,NA,Total,Km^2,P
14,14.5,14.5.1,ER_MRN_MARINT,Guadeloupe,2016,90961,Float,All,A,T,NA,Total,Km^2,P
14,14.5,14.5.1,ER_MRN_MARINT,Tonga,2016,10055,Float,All,A,T,NA,Total,Km^2,P
14,14.5,14.5.1,ER_MRN_MARINT,Kiribati,2016,408667,Float,All,A,T,NA,Total,Km^2,P
14,14.5,14.5.1,ER_MRN_MARINT,Saint Barthélemy	,2016,4246,Float,All,A,T,NA,Total,Km^2,P
14,14.5,14.5.1,ER_MRN_MARINT,American Samoa,2016,35437,Float,All,A,T,NA,Total,Km^2,P
14,14.5,14.5.1,ER_MRN_MARINT,Puerto Rico,2016,3076,Float,All,A,T,NA,Total,Km^2,P
14,14.5,14.5.1,ER_MRN_MARINT,Northern Mariana Islands,2016,257075,Float,All,A,T,NA,Total,Km^2,P
14,14.5,14.5.1,ER_MRN_MARINT,Tuvalu,2016,62,Float,All,A,T,NA,Total,Km^2,P
14,14.5,14.5.1,ER_MRN_MARINT,Jamaica,2016,1860,Float,All,A,T,NA,Total,Km^2,P
14,14.5,14.5.1,ER_MRN_MARINT,Guam,2016,18,Float,All,A,T,NA,Total,Km^2,P
14,14.5,14.5.1,ER_MRN_MARINT,Sierra Leone,2016,863,Float,All,A,T,NA,Total,Km^2,P
14,14.5,14.5.1,ER_MRN_MARINT,Least Developed Countries (LDCs),2015,478375.75568240150,Float,All,A,T,NA,Total,Km^2,P
14,14.5,14.5.1,ER_MRN_MARINT,"Congo, (Kinshasa)",2016,31,Float,All,A,T,NA,Total,Km^2,P
14,14.5,14.5.1,ER_MRN_MARINT,Northern America and Europe,2015,4546251.57063471700,Float,All,A,T,NA,Total,Km^2,P
14,14.5,14.5.1,ER_MRN_MARINT,France,2016,89979,Float,All,A,T,NA,Total,Km^2,P
14,14.5,14.5.1,ER_MRN_MARINT,Eastern and South-Eastern Asia,2010,456023.56035472883,Float,All,A,T,NA,Total,Km^2,P
14,14.5,14.5.1,ER_MRN_MARINT,French Guiana,2016,1322,Float,All,A,T,NA,Total,Km^2,P
14,14.5,14.5.1,ER_MRN_MARINT,Ecuador,2016,140934,Float,All,A,T,NA,Total,Km^2,P
14,14.5,14.5.1,ER_MRN_MARINT,Suriname,2016,1981,Float,All,A,T,NA,Total,Km^2,P
14,14.5,14.5.1,ER_MRN_MARINT,Uruguay,2016,932,Float,All,A,T,NA,Total,Km^2,P
14,14.5,14.5.1,ER_MRN_MARINT,South Georgia and the South Sandwich Islands,2016,1065900,Float,All,A,T,NA,Total,Km^2,P
14,14.5,14.5.1,ER_MRN_MARINT,Peru,2016,4031,Float,All,A,T,NA,Total,Km^2,P
14,14.5,14.5.1,ER_MRN_MARINT,British Indian Ocean Territory,2016,642271,Float,All,A,T,NA,Total,Km^2,P
14,14.5,14.5.1,ER_MRN_MARINT,Falkland Islands (Malvinas),2016,52,Float,All,A,T,NA,Total,Km^2,P
14,14.5,14.5.1,ER_MRN_MARINT,Sub-Saharan Africa,2016,1472034.85007287030,Float,All,A,T,NA,Total,Km^2,P
14,14.5,14.5.1,ER_MRN_MARINT,Venezuela (Bolivarian Republic),2016,16500,Float,All,A,T,NA,Total,Km^2,P
14,14.5,14.5.1,ER_MRN_MARINT,Central Asia and Southern Asia (SDG),2016,17640.83358875363,Float,All,A,T,NA,Total,Km^2,P
14,14.5,14.5.1,ER_MRN_MARINT,Israel,2016,9,Float,All,A,T,NA,Total,Km^2,P
14,14.5,14.5.1,ER_MRN_MARINT,Kuwait,2016,176,Float,All,A,T,NA,Total,Km^2,P
14,14.5,14.5.1,ER_MRN_MARINT,Jersey,2016,183,Float,All,A,T,NA,Total,Km^2,P
14,14.5,14.5.1,ER_MRN_MARINT,Yemen,2016,2562,Float,All,A,T,NA,Total,Km^2,P
14,14.5,14.5.1,ER_MRN_MARINT,United Arab Emirates,2016,2336,Float,All,A,T,NA,Total,Km^2,P
14,14.5,14.5.1,ER_MRN_MARINT,Réunion,2016,51,Float,All,A,T,NA,Total,Km^2,P
14,14.5,14.5.1,ER_MRN_MARINT,Qatar,2016,58,Float,All,A,T,NA,Total,Km^2,P
14,14.5,14.5.1,ER_MRN_MARINT,Argentina,2016,43542,Float,All,A,T,NA,Total,Km^2,P
14,14.5,14.5.1,ER_MRN_MARINT,Brazil,2016,61881,Float,All,A,T,NA,Total,Km^2,P
14,14.5,14.5.1,ER_MRN_MARINT,Denmark,2016,17932,Float,All,A,T,NA,Total,Km^2,P
14,14.5,14.5.1,ER_MRN_MARINT,Russian Federation,2016,228247,Float,All,A,T,NA,Total,Km^2,P
14,14.5,14.5.1,ER_MRN_MARINT,Romania,2016,2505,Float,All,A,T,NA,Total,Km^2,P
14,14.5,14.5.1,ER_MRN_MARINT,Ukraine,2016,4606,Float,All,A,T,NA,Total,Km^2,P
14,14.5,14.5.1,ER_MRN_MARINT,Lithuania,2016,1318,Float,All,A,T,NA,Total,Km^2,P
14,14.5,14.5.1,ER_MRN_MARINT,Turkmenistan,2016,2332,Float,All,A,T,NA,Total,Km^2,P
14,14.5,14.5.1,ER_MRN_MARINT,China,2016,33086,Float,All,A,T,NA,Total,Km^2,P
14,14.5,14.5.1,ER_MRN_MARINT,Korea (North),2016,26,Float,All,A,T,NA,Total,Km^2,P
14,14.5,14.5.1,ER_MRN_MARINT,Japan,2016,19940.1,Float,All,A,T,NA,Total,Km^2,P
14,14.5,14.5.1,ER_MRN_MARINT,Pakistan,2016,1707,Float,All,A,T,NA,Total,Km^2,P
14,14.5,14.5.1,ER_MRN_MARINT,Latvia,2016,4631,Float,All,A,T,NA,Total,Km^2,P
14,14.5,14.5.1,ER_MRN_MARINT,Svalbard and Jan Mayen Islands,2016,82681,Float,All,A,T,NA,Total,Km^2,P
14,14.5,14.5.1,ER_MRN_MARINT,Colombia,2016,15081,Float,All,A,T,NA,Total,Km^2,P
14,14.5,14.5.1,ER_MRN_MARINT,Chile,2016,460646,Float,All,A,T,NA,Total,Km^2,P
14,14.5,14.5.1,ER_MRN_MARINT,Guyana,2016,17,Float,All,A,T,NA,Total,Km^2,P
14,14.5,14.5.1,ER_MRN_MARINT,Sri Lanka,2016,399,Float,All,A,T,NA,Total,Km^2,P
14,14.5,14.5.1,ER_MRN_MARINT,Eastern and South-Eastern Asia,2016,541114.10877128740,Float,All,A,T,NA,Total,Km^2,P
14,14.5,14.5.1,ER_MRN_MARINT,Syrian Arab Republic (Syria),2016,25,Float,All,A,T,NA,Total,Km^2,P
14,14.5,14.5.1,ER_MRN_MARINT,Comoros,2016,38,Float,All,A,T,NA,Total,Km^2,P
14,14.5,14.5.1,ER_MRN_MARINT,Djibouti,2016,38,Float,All,A,T,NA,Total,Km^2,P
14,14.5,14.5.1,ER_MRN_MARINT,French Southern Territories,2016,61554,Float,All,A,T,NA,Total,Km^2,P
14,14.5,14.5.1,ER_MRN_MARINT,Philippines,2016,21269,Float,All,A,T,NA,Total,Km^2,P
14,14.5,14.5.1,ER_MRN_MARINT,Timor-Leste,2016,584,Float,All,A,T,NA,Total,Km^2,P
14,14.5,14.5.1,ER_MRN_MARINT,Viet Nam,2016,3630,Float,All,A,T,NA,Total,Km^2,P
14,14.5,14.5.1,ER_MRN_MARINT,Egypt,2016,11716,Float,All,A,T,NA,Total,Km^2,P
14,14.5,14.5.1,ER_MRN_MARINT,Libya,2016,2278,Float,All,A,T,NA,Total,Km^2,P
14,14.5,14.5.1,ER_MRN_MARINT,Algeria,2016,110,Float,All,A,T,NA,Total,Km^2,P
14,14.5,14.5.1,ER_MRN_MARINT,Sudan,2016,10662,Float,All,A,T,NA,Total,Km^2,P
14,14.5,14.5.1,ER_MRN_MARINT,Morocco,2016,1272,Float,All,A,T,NA,Total,Km^2,P
14,14.5,14.5.1,ER_MRN_MARINT,Jordan,2016,33,Float,All,A,T,NA,Total,Km^2,P
14,14.5,14.5.1,ER_MRN_MARINT,Cyprus,2016,121,Float,All,A,T,NA,Total,Km^2,P
14,14.5,14.5.1,ER_MRN_MARINT,Georgia,2016,153,Float,All,A,T,NA,Total,Km^2,P
14,14.5,14.5.1,ER_MRN_MARINT,Oman,2016,664,Float,All,A,T,NA,Total,Km^2,P
14,14.5,14.5.1,ER_MRN_MARINT,Lebanon,2016,41,Float,All,A,T,NA,Total,Km^2,P
14,14.5,14.5.1,ER_MRN_MARINT,Brunei Darussalam,2016,52,Float,All,A,T,NA,Total,Km^2,P
14,14.5,14.5.1,ER_MRN_MARINT,Cambodia,2016,89,Float,All,A,T,NA,Total,Km^2,P
14,14.5,14.5.1,ER_MRN_MARINT,Korea (South),2016,5299,Float,All,A,T,NA,Total,Km^2,P
14,14.5,14.5.1,ER_MRN_MARINT,Myanmar,2016,269,Float,All,A,T,NA,Total,Km^2,P
14,14.5,14.5.1,ER_MRN_MARINT,Thailand,2016,5774,Float,All,A,T,NA,Total,Km^2,P
14,14.5,14.5.1,ER_MRN_MARINT,Bangladesh,2016,4530,Float,All,A,T,NA,Total,Km^2,P
14,14.5,14.5.1,ER_MRN_MARINT,Indonesia,2016,171453,Float,All,A,T,NA,Total,Km^2,P
14,14.5,14.5.1,ER_MRN_MARINT,Western Sahara,2016,3710,Float,All,A,T,NA,Total,Km^2,P
14,14.5,14.5.1,ER_MRN_MARINT,Kenya,2016,904,Float,All,A,T,NA,Total,Km^2,P
14,14.5,14.5.1,ER_MRN_MARINT,"Tanzania, United Republic of",2016,6068,Float,All,A,T,NA,Total,Km^2,P
14,14.5,14.5.1,ER_MRN_MARINT,Seychelles,2016,484,Float,All,A,T,NA,Total,Km^2,P
14,14.5,14.5.1,ER_MRN_MARINT,Angola,2016,24,Float,All,A,T,NA,Total,Km^2,P
14,14.5,14.5.1,ER_MRN_MARINT,Cameroon,2016,501,Float,All,A,T,NA,Total,Km^2,P
14,14.5,14.5.1,ER_MRN_MARINT,Côte d'Ivoire,2016,130,Float,All,A,T,NA,Total,Km^2,P
14,14.5,14.5.1,ER_MRN_MARINT,Gambia,2016,16,Float,All,A,T,NA,Total,Km^2,P
14,14.5,14.5.1,ER_MRN_MARINT,Ghana,2016,210,Float,All,A,T,NA,Total,Km^2,P
14,14.5,14.5.1,ER_MRN_MARINT,Guinea-Bissau,2016,10661,Float,All,A,T,NA,Total,Km^2,P
14,14.5,14.5.1,ER_MRN_MARINT,Mozambique,2016,12821,Float,All,A,T,NA,Total,Km^2,P
14,14.5,14.5.1,ER_MRN_MARINT,Mayotte,2016,68770,Float,All,A,T,NA,Total,Km^2,P
14,14.5,14.5.1,ER_MRN_MARINT,Mauritius,2016,50,Float,All,A,T,NA,Total,Km^2,P
14,14.5,14.5.1,ER_MRN_MARINT,Madagascar,2016,4308,Float,All,A,T,NA,Total,Km^2,P
14,14.5,14.5.1,ER_MRN_MARINT,Azerbaijan,2016,345,Float,All,A,T,NA,Total,Km^2,P
14,14.5,14.5.1,ER_MRN_MARINT,Bahrain,2016,95,Float,All,A,T,NA,Total,Km^2,P
14,14.5,14.5.1,ER_MRN_MARINT,Northern Africa and Western Asia,2016,37269.05546551184,Float,All,A,T,NA,Total,Km^2,P
14,14.5,14.5.1,ER_MRN_MARINT,Tunisia,2016,1044.43,Float,All,A,T,NA,Total,Km^2,P
14,14.5,14.5.1,ER_MRN_MARINT,Turkey,2016,270,Float,All,A,T,NA,Total,Km^2,P
14,14.5,14.5.1,ER_MRN_MARINT,World,2010,10508993.75300328800,Float,All,A,T,NA,Total,Km^2,P
14,14.5,14.5.1,ER_MRN_MARINT,India,2016,3928,Float,All,A,T,NA,Total,Km^2,P
14,14.5,14.5.1,ER_MRN_MARINT,Maldives,2016,449,Float,All,A,T,NA,Total,Km^2,P
14,14.5,14.5.1,ER_MRN_MARINT,World,2000,2428873.30538023870,Float,All,A,T,NA,Total,Km^2,P
14,14.5,14.5.1,ER_MRN_MARINT,Northern America and Europe,2000,1420325.68153152200,Float,All,A,T,NA,Total,Km^2,P
14,14.5,14.5.1,ER_MRN_MARINT,Eastern and South-Eastern Asia,2000,299275.61271755820,Float,All,A,T,NA,Total,Km^2,P
14,14.5,14.5.1,ER_MRN_MARINT,Central Asia and Southern Asia (SDG),2000,12407.37703086112,Float,All,A,T,NA,Total,Km^2,P
14,14.5,14.5.1,ER_MRN_MARINT,Northern Africa and Western Asia,2000,16755.26399734999,Float,All,A,T,NA,Total,Km^2,P
14,14.5,14.5.1,ER_MRN_MARINT,Sub-Saharan Africa,2000,33079.96621483749,Float,All,A,T,NA,Total,Km^2,P
14,14.5,14.5.1,ER_MRN_MARINT,Oceania (exc. Australia and New Zealand),2000,27979.58594215910,Float,All,A,T,NA,Total,Km^2,P
14,14.5,14.5.1,ER_MRN_MARINT,Latin America and the Caribbean,2000,317277.15909631416,Float,All,A,T,NA,Total,Km^2,P
14,14.5,14.5.1,ER_MRN_MARINT,Australia and New Zealand,2000,263772.76872688340,Float,All,A,T,NA,Total,Km^2,P
14,14.5,14.5.1,ER_MRN_MARINT,Landlocked developing countries (LLDCs),2000,3811.58745714395,Float,All,A,T,NA,Total,Km^2,P
14,14.5,14.5.1,ER_MRN_MARINT,Small island developing States (SIDS),2000,66724.98426953352,Float,All,A,T,NA,Total,Km^2,P
14,14.5,14.5.1,ER_MRN_MARINT,Italy,2016,47333,Float,All,A,T,NA,Total,Km^2,P
14,14.5,14.5.1,ER_MRN_MARINT,Greece,2016,7201,Float,All,A,T,NA,Total,Km^2,P
14,14.5,14.5.1,ER_MRN_MARINT,Malta,2016,3489,Float,All,A,T,NA,Total,Km^2,P
14,14.5,14.5.1,ER_MRN_MARINT,Portugal,2016,144081,Float,All,A,T,NA,Total,Km^2,P
14,14.5,14.5.1,ER_MRN_MARINT,Slovenia,2016,397,Float,All,A,T,NA,Total,Km^2,P
14,14.5,14.5.1,ER_MRN_MARINT,Least Developed Countries (LDCs),2000,29220.52463750213,Float,All,A,T,NA,Total,Km^2,P
14,14.5,14.5.1,ER_MRN_MARINT,Oceania (exc. Australia and New Zealand),2005,45375.69753418257,Float,All,A,T,NA,Total,Km^2,P
14,14.5,14.5.1,ER_MRN_MARINT,Australia and New Zealand,2005,806967.12188684200,Float,All,A,T,NA,Total,Km^2,P
14,14.5,14.5.1,ER_MRN_MARINT,Landlocked developing countries (LLDCs),2005,4125.24624412570,Float,All,A,T,NA,Total,Km^2,P
14,14.5,14.5.1,ER_MRN_MARINT,Central Asia and Southern Asia (SDG),2010,15815.26634968831,Float,All,A,T,NA,Total,Km^2,P
14,14.5,14.5.1,ER_MRN_MARINT,Northern Africa and Western Asia,2010,34462.94599561227,Float,All,A,T,NA,Total,Km^2,P
14,14.5,14.5.1,ER_MRN_MARINT,Sub-Saharan Africa,2010,780562.20327858300,Float,All,A,T,NA,Total,Km^2,P
14,14.5,14.5.1,ER_MRN_MARINT,Oceania (exc. Australia and New Zealand),2010,2043715.82461796280,Float,All,A,T,NA,Total,Km^2,P
14,14.5,14.5.1,ER_MRN_MARINT,Australia and New Zealand,2010,2184170.30275701270,Float,All,A,T,NA,Total,Km^2,P
14,14.5,14.5.1,ER_MRN_MARINT,Landlocked developing countries (LLDCs),2010,4999.80280469641,Float,All,A,T,NA,Total,Km^2,P
14,14.5,14.5.1,ER_MRN_MARINT,Least Developed Countries (LDCs),2010,461004.72245266836,Float,All,A,T,NA,Total,Km^2,P
14,14.5,14.5.1,ER_MRN_MARINT,Small island developing States (SIDS),2010,831546.64016935220,Float,All,A,T,NA,Total,Km^2,P
14,14.5,14.5.1,ER_MRN_MARINT,Northern America and Europe,2005,2366670.33079761800,Float,All,A,T,NA,Total,Km^2,P
14,14.5,14.5.1,ER_MRN_MARINT,World,2005,4076907.87176890200,Float,All,A,T,NA,Total,Km^2,P
14,14.5,14.5.1,ER_MRN_MARINT,Latin America and the Caribbean,2005,364573.66223397130,Float,All,A,T,NA,Total,Km^2,P
14,14.5,14.5.1,ER_MRN_MARINT,Sub-Saharan Africa,2005,41802.68314389815,Float,All,A,T,NA,Total,Km^2,P
14,14.5,14.5.1,ER_MRN_MARINT,Northern Africa and Western Asia,2005,20116.22561868348,Float,All,A,T,NA,Total,Km^2,P
14,14.5,14.5.1,ER_MRN_MARINT,Central Asia and Southern Asia (SDG),2005,14554.10736444134,Float,All,A,T,NA,Total,Km^2,P
14,14.5,14.5.1,ER_MRN_MARINT,Eastern and South-Eastern Asia,2005,378835.34346922600,Float,All,A,T,NA,Total,Km^2,P
14,14.5,14.5.1,ER_MRN_MARINT,Small island developing States (SIDS),2005,90765.88417512330,Float,All,A,T,NA,Total,Km^2,P
14,14.5,14.5.1,ER_MRN_MARINT,Least Developed Countries (LDCs),2005,34075.17904125017,Float,All,A,T,NA,Total,Km^2,P
14,14.5,14.5.1,ER_MRN_MARINT,Spain,2016,87798,Float,All,A,T,NA,Total,Km^2,P
14,14.5,14.5.1,ER_MRN_MARINT,Germany,2016,25562,Float,All,A,T,NA,Total,Km^2,P
14,14.5,14.5.1,ER_MRN_MARINT,Guernsey,2016,17,Float,All,A,T,NA,Total,Km^2,P
14,14.5,14.5.1,ER_MRN_MARINT,Belgium,2016,1270,Float,All,A,T,NA,Total,Km^2,P
14,14.5,14.5.1,ER_MRN_MARINT,Bahamas,2016,3381,Float,All,A,T,NA,Total,Km^2,P
14,14.5,14.5.1,ER_MRN_MARINT,"Bonaire, Sint Eustatius and Saba",2016,55,Float,All,A,T,NA,Total,Km^2,P
14,14.5,14.5.1,ER_MRN_MARINT,Barbados,2016,11,Float,All,A,T,NA,Total,Km^2,P
14,14.5,14.5.1,ER_MRN_MARINT,Dominica,2016,4,Float,All,A,T,NA,Total,Km^2,P
14,14.5,14.5.1,ER_MRN_MARINT,Curaçao,2016,10,Float,All,A,T,NA,Total,Km^2,P
14,14.5,14.5.1,ER_MRN_MARINT,Cuba,2016,15818,Float,All,A,T,NA,Total,Km^2,P
14,14.5,14.5.1,ER_MRN_MARINT,Albania,2016,304,Float,All,A,T,NA,Total,Km^2,P
14,14.5,14.5.1,ER_MRN_MARINT,United Kingdom,2016,146384,Float,All,A,T,NA,Total,Km^2,P
14,14.5,14.5.1,ER_MRN_MARINT,Poland,2016,7211,Float,All,A,T,NA,Total,Km^2,P
14,14.5,14.5.1,ER_MRN_MARINT,Bulgaria,2016,2850,Float,All,A,T,NA,Total,Km^2,P
14,14.5,14.5.1,ER_MRN_MARINT,Saint Pierre and Miquelon,2016,7,Float,All,A,T,NA,Total,Km^2,P
14,14.5,14.5.1,ER_MRN_MARINT,Greenland,2016,102325,Float,All,A,T,NA,Total,Km^2,P
14,14.5,14.5.1,ER_MRN_MARINT,United States of America,2016,3529636,Float,All,A,T,NA,Total,Km^2,P
14,14.5,14.5.1,ER_MRN_MARINT,Bermuda,2016,149,Float,All,A,T,NA,Total,Km^2,P
14,14.5,14.5.1,ER_MRN_MARINT,Canada,2016,49680,Float,All,A,T,NA,Total,Km^2,P
14,14.5,14.5.1,ER_MRN_MARINT,Northern America and Europe,2016,4549582.02134556500,Float,All,A,T,NA,Total,Km^2,P
14,14.5,14.5.1,ER_MRN_MARINT,World,2016,17984721.43146030200,Float,All,A,T,NA,Total,Km^2,P
14,14.5,14.5.1,ER_MRN_MARINT,Antigua and Barbuda,2016,208,Float,All,A,T,NA,Total,Km^2,P
14,14.5,14.5.1,ER_MRN_MARINT,"Iran, Islamic Republic of",2016,1809,Float,All,A,T,NA,Total,Km^2,P
14,14.5,14.5.1,ER_MRN_MARINT,Mexico,2016,73951,Float,All,A,T,NA,Total,Km^2,P
14,14.5,14.5.1,ER_MRN_MARINT,Finland,2016,8845,Float,All,A,T,NA,Total,Km^2,P
14,14.5,14.5.1,ER_MRN_MARINT,Monaco,2016,284,Float,All,A,T,NA,Total,Km^2,P
14,14.5,14.5.1,ER_MRN_MARINT,Netherlands,2016,13798,Float,All,A,T,NA,Total,Km^2,P
14,14.5,14.5.1,ER_MRN_MARINT,Anguilla,2016,64,Float,All,A,T,NA,Total,Km^2,P
14,14.5,14.5.1,ER_MRN_MARINT,Latin America and the Caribbean,2016,2113730.89066845000,Float,All,A,T,NA,Total,Km^2,P
14,14.5,14.5.1,ER_MRN_MARINT,Isle of Man,2016,3,Float,All,A,T,NA,Total,Km^2,P
14,14.5,14.5.1,ER_MRN_MARINT,Ireland,2016,9946,Float,All,A,T,NA,Total,Km^2,P
14,14.5,14.5.1,ER_MRN_MARINT,Iceland,2016,2863,Float,All,A,T,NA,Total,Km^2,P
14,14.5,14.5.1,ER_MRN_MARINT,Faroe Islands,2016,29,Float,All,A,T,NA,Total,Km^2,P
14,14.5,14.5.1,ER_MRN_MARINT,Estonia,2016,6770,Float,All,A,T,NA,Total,Km^2,P
14,14.5,14.5.1,ER_MRN_MARINT,Sweden,2016,12715,Float,All,A,T,NA,Total,Km^2,P
14,14.5,14.5.1,ER_MRN_MARINT,Gibraltar,2016,55,Float,All,A,T,NA,Total,Km^2,P
14,14.5,14.5.1,ER_MRN_MARINT,Croatia,2016,4737,Float,All,A,T,NA,Total,Km^2,P
14,14.5,14.5.1,ER_MRN_MARINT,Belize,2016,3654,Float,All,A,T,NA,Total,Km^2,P
14,14.5,14.5.1,ER_MRN_MARINT,El Salvador,2016,665,Float,All,A,T,NA,Total,Km^2,P
14,14.5,14.5.1,ER_MRN_MARINT,Guatemala,2016,956,Float,All,A,T,NA,Total,Km^2,P
14,14.5,14.5.1,ER_MRN_MARINT,Norway,2016,6916,Float,All,A,T,NA,Total,Km^2,P
14,14.5,14.5.1,ER_MRN_MARINT,Saudi Arabia,2016,3364,Float,All,A,T,NA,Total,Km^2,P
14,14.5,14.5.1,ER_MRN_MARINT,Honduras,2016,9201,Float,All,A,T,NA,Total,Km^2,P
14,14.5,14.5.1,ER_MRN_MARINT,Malaysia,2016,6358,Float,All,A,T,NA,Total,Km^2,P
14,14.5,14.5.1,ER_MRN_TOTL,Jordan,2016,93.7,Float,All,A,T,NA,Total,Km^2,P
14,14.5,14.5.1,ER_MRN_TOTL,Fiji,2016,1293034.7,Float,All,A,T,NA,Total,Km^2,P
14,14.5,14.5.1,ER_MRN_TOTL,Sub-Saharan Africa,2016,16436276.3445772,Float,All,A,T,NA,Total,Km^2,P
14,14.5,14.5.1,ER_MRN_TOTL,Solomon Islands,2016,1609756.5,Float,All,A,T,NA,Total,Km^2,P
14,14.5,14.5.1,ER_MRN_TOTL,Singapore,2016,762.7,Float,All,A,T,NA,Total,Km^2,P
14,14.5,14.5.1,ER_MRN_TOTL,Papua New Guinea,2016,2407381.8,Float,All,A,T,NA,Total,Km^2,P
14,14.5,14.5.1,ER_MRN_TOTL,Mozambique,2016,574409.6,Float,All,A,T,NA,Total,Km^2,P
14,14.5,14.5.1,ER_MRN_TOTL,Sri Lanka,2016,534085,Float,All,A,T,NA,Total,Km^2,P
14,14.5,14.5.1,ER_MRN_TOTL,Mauritania,2016,156197.9,Float,All,A,T,NA,Total,Km^2,P
14,14.5,14.5.1,ER_MRN_TOTL,Liberia,2016,247767.7,Float,All,A,T,NA,Total,Km^2,P
14,14.5,14.5.1,ER_MRN_TOTL,Philippines,2016,1835028.2,Float,All,A,T,NA,Total,Km^2,P
14,14.5,14.5.1,ER_MRN_TOTL,Niue,2016,318243.7,Float,All,A,T,NA,Total,Km^2,P
14,14.5,14.5.1,ER_MRN_TOTL,Réunion,2016,316498.9,Float,All,A,T,NA,Total,Km^2,P
14,14.5,14.5.1,ER_MRN_TOTL,Samoa,2016,132305.6,Float,All,A,T,NA,Total,Km^2,P
14,14.5,14.5.1,ER_MRN_TOTL,Senegal,2016,158426.4,Float,All,A,T,NA,Total,Km^2,P
14,14.5,14.5.1,ER_MRN_TOTL,Timor-Leste,2016,42501.3,Float,All,A,T,NA,Total,Km^2,P
14,14.5,14.5.1,ER_MRN_TOTL,Sierra Leone,2016,160452.6,Float,All,A,T,NA,Total,Km^2,P
14,14.5,14.5.1,ER_MRN_TOTL,Pitcairn,2016,839479,Float,All,A,T,NA,Total,Km^2,P
14,14.5,14.5.1,ER_MRN_TOTL,Suriname,2016,128363,Float,All,A,T,NA,Total,Km^2,P
14,14.5,14.5.1,ER_MRN_TOTL,Least Developed Countries (LDCs),2016,12867207.8078196,Float,All,A,T,NA,Total,Km^2,P
14,14.5,14.5.1,ER_MRN_TOTL,Saint Helena,2016,1647745.1,Float,All,A,T,NA,Total,Km^2,P
14,14.5,14.5.1,ER_MRN_TOTL,Heard and Mcdonald Islands,2016,416111,Float,All,A,T,NA,Total,Km^2,P
14,14.5,14.5.1,ER_MRN_TOTL,Indonesia,2016,5947954.2,Float,All,A,T,NA,Total,Km^2,P
14,14.5,14.5.1,ER_MRN_TOTL,Australia and New Zealand,2016,13187988.3685638,Float,All,A,T,NA,Total,Km^2,P
14,14.5,14.5.1,ER_MRN_TOTL,"Iran, Islamic Republic of",2016,224800.6,Float,All,A,T,NA,Total,Km^2,P
14,14.5,14.5.1,ER_MRN_TOTL,Tuvalu,2016,731900,Float,All,A,T,NA,Total,Km^2,P
14,14.5,14.5.1,ER_MRN_TOTL,Azerbaijan,2016,79032.1,Float,All,A,T,NA,Total,Km^2,P
14,14.5,14.5.1,ER_MRN_TOTL,Tonga,2016,668054.6,Float,All,A,T,NA,Total,Km^2,P
14,14.5,14.5.1,ER_MRN_TOTL,Jamaica,2016,246488.5,Float,All,A,T,NA,Total,Km^2,P
14,14.5,14.5.1,ER_MRN_TOTL,Bahrain,2016,7632.8,Float,All,A,T,NA,Total,Km^2,P
14,14.5,14.5.1,ER_MRN_TOTL,Martinique,2016,47644.3,Float,All,A,T,NA,Total,Km^2,P
14,14.5,14.5.1,ER_MRN_TOTL,Thailand,2016,306890.5,Float,All,A,T,NA,Total,Km^2,P
14,14.5,14.5.1,ER_MRN_TOTL,Svalbard and Jan Mayen Islands,2016,1081582.1,Float,All,A,T,NA,Total,Km^2,P
14,14.5,14.5.1,ER_MRN_TOTL,Northern Africa and Western Asia,2016,3346875.4084961,Float,All,A,T,NA,Total,Km^2,P
14,14.5,14.5.1,ER_MRN_TOTL,British Virgin Islands,2016,80529.5,Float,All,A,T,NA,Total,Km^2,P
14,14.5,14.5.1,ER_MRN_TOTL,Eastern and South-Eastern Asia,2016,15179860.5548167,Float,All,A,T,NA,Total,Km^2,P
14,14.5,14.5.1,ER_MRN_TOTL,Guam,2016,202535.1,Float,All,A,T,NA,Total,Km^2,P
14,14.5,14.5.1,ER_MRN_TOTL,Tunisia,2016,100660.5,Float,All,A,T,NA,Total,Km^2,P
14,14.5,14.5.1,ER_MRN_TOTL,Finland,2016,79467.8,Float,All,A,T,NA,Total,Km^2,P
14,14.5,14.5.1,ER_MRN_TOTL,British Indian Ocean Territory,2016,642744.7,Float,All,A,T,NA,Total,Km^2,P
14,14.5,14.5.1,ER_MRN_TOTL,Small island developing States (SIDS),2016,34358455.4277244,Float,All,A,T,NA,Total,Km^2,P
14,14.5,14.5.1,ER_MRN_TOTL,Western Sahara,2016,252024.3,Float,All,A,T,NA,Total,Km^2,P
14,14.5,14.5.1,ER_MRN_TOTL,Turkey,2016,255926,Float,All,A,T,NA,Total,Km^2,P
14,14.5,14.5.1,ER_MRN_TOTL,Montserrat,2016,7628.3,Float,All,A,T,NA,Total,Km^2,P
14,14.5,14.5.1,ER_MRN_TOTL,New Caledonia,2016,1371803.2,Float,All,A,T,NA,Total,Km^2,P
14,14.5,14.5.1,ER_MRN_TOTL,American Samoa,2016,406816,Float,All,A,T,NA,Total,Km^2,P
14,14.5,14.5.1,ER_MRN_TOTL,Tokelau,2016,321242.5,Float,All,A,T,NA,Total,Km^2,P
14,14.5,14.5.1,ER_MRN_TOTL,Lebanon,2016,19315.8,Float,All,A,T,NA,Total,Km^2,P
14,14.5,14.5.1,ER_MRN_TOTL,Malta,2016,55696.7,Float,All,A,T,NA,Total,Km^2,P
14,14.5,14.5.1,ER_MRN_TOTL,Central Asia and Southern Asia (SDG),2016,4486499.4891274,Float,All,A,T,NA,Total,Km^2,P
14,14.5,14.5.1,ER_MRN_TOTL,Greece,2016,494172.5,Float,All,A,T,NA,Total,Km^2,P
14,14.5,14.5.1,ER_MRN_TOTL,Saudi Arabia,2016,220338.2,Float,All,A,T,NA,Total,Km^2,P
14,14.5,14.5.1,ER_MRN_TOTL,Italy,2016,538881,Float,All,A,T,NA,Total,Km^2,P
14,14.5,14.5.1,ER_MRN_TOTL,Korea (North),2016,115967.3,Float,All,A,T,NA,Total,Km^2,P
14,14.5,14.5.1,ER_MRN_TOTL,South Africa,2016,1542559.9,Float,All,A,T,NA,Total,Km^2,P
14,14.5,14.5.1,ER_MRN_TOTL,Morocco,2016,276136.4,Float,All,A,T,NA,Total,Km^2,P
14,14.5,14.5.1,ER_MRN_TOTL,Namibia,2016,562727.6,Float,All,A,T,NA,Total,Km^2,P
14,14.5,14.5.1,ER_MRN_TOTL,Congo (Brazzaville),2016,39863.6,Float,All,A,T,NA,Total,Km^2,P
14,14.5,14.5.1,ER_MRN_TOTL,Sao Tome and Principe,2016,131709.2,Float,All,A,T,NA,Total,Km^2,P
14,14.5,14.5.1,ER_MRN_TOTL,Vanuatu,2016,622073.2,Float,All,A,T,NA,Total,Km^2,P
14,14.5,14.5.1,ER_MRN_TOTL,Ukraine,2016,134873.2,Float,All,A,T,NA,Total,Km^2,P
14,14.5,14.5.1,ER_MRN_TOTL,Guinea,2016,110136.3,Float,All,A,T,NA,Total,Km^2,P
14,14.5,14.5.1,ER_MRN_TOTL,Cambodia,2016,47966.9,Float,All,A,T,NA,Total,Km^2,P
14,14.5,14.5.1,ER_MRN_TOTL,Palau,2016,608152.5,Float,All,A,T,NA,Total,Km^2,P
14,14.5,14.5.1,ER_MRN_TOTL,Venezuela (Bolivarian Republic),2016,473325.1,Float,All,A,T,NA,Total,Km^2,P
14,14.5,14.5.1,ER_MRN_TOTL,US Minor Outlying Islands,2016,1964384.5,Float,All,A,T,NA,Total,Km^2,P
14,14.5,14.5.1,ER_MRN_TOTL,Korea (South),2016,324993.8,Float,All,A,T,NA,Total,Km^2,P
14,14.5,14.5.1,ER_MRN_TOTL,Panama,2016,332643.5,Float,All,A,T,NA,Total,Km^2,P
14,14.5,14.5.1,ER_MRN_TOTL,Lithuania,2016,6125.7,Float,All,A,T,NA,Total,Km^2,P
14,14.5,14.5.1,ER_MRN_TOTL,Brunei Darussalam,2016,25698.4,Float,All,A,T,NA,Total,Km^2,P
14,14.5,14.5.1,ER_MRN_TOTL,Pakistan,2016,222743.9,Float,All,A,T,NA,Total,Km^2,P
14,14.5,14.5.1,ER_MRN_TOTL,China,2016,878364.1,Float,All,A,T,NA,Total,Km^2,P
14,14.5,14.5.1,ER_MRN_TOTL,Oman,2016,538980.2,Float,All,A,T,NA,Total,Km^2,P
14,14.5,14.5.1,ER_MRN_TOTL,Egypt,2016,236612.1,Float,All,A,T,NA,Total,Km^2,P
14,14.5,14.5.1,ER_MRN_TOTL,Brazil,2016,3672584.3,Float,All,A,T,NA,Total,Km^2,P
14,14.5,14.5.1,ER_MRN_TOTL,India,2016,2301226.5,Float,All,A,T,NA,Total,Km^2,P
14,14.5,14.5.1,ER_MRN_TOTL,Cook Islands,2016,1972842.4,Float,All,A,T,NA,Total,Km^2,P
14,14.5,14.5.1,ER_MRN_TOTL,Libya,2016,357895.3,Float,All,A,T,NA,Total,Km^2,P
14,14.5,14.5.1,ER_MRN_TOTL,French Polynesia,2016,4795468.1,Float,All,A,T,NA,Total,Km^2,P
14,14.5,14.5.1,ER_MRN_TOTL,"Micronesia, Federated States of",2016,3011917,Float,All,A,T,NA,Total,Km^2,P
14,14.5,14.5.1,ER_MRN_TOTL,Algeria,2016,128993,Float,All,A,T,NA,Total,Km^2,P
14,14.5,14.5.1,ER_MRN_TOTL,Oceania (exc. Australia and New Zealand),2016,30085146.4809341,Float,All,A,T,NA,Total,Km^2,P
14,14.5,14.5.1,ER_MRN_TOTL,Bangladesh,2016,84563.2,Float,All,A,T,NA,Total,Km^2,P
14,14.5,14.5.1,ER_MRN_TOTL,"Congo, (Kinshasa)",2016,13265.4,Float,All,A,T,NA,Total,Km^2,P
14,14.5,14.5.1,ER_MRN_TOTL,Togo,2016,15520.9,Float,All,A,T,NA,Total,Km^2,P
14,14.5,14.5.1,ER_MRN_TOTL,Nigeria,2016,182868.2,Float,All,A,T,NA,Total,Km^2,P
14,14.5,14.5.1,ER_MRN_TOTL,Japan,2016,4040612.3,Float,All,A,T,NA,Total,Km^2,P
14,14.5,14.5.1,ER_MRN_TOTL,Northern Mariana Islands,2016,773667.9,Float,All,A,T,NA,Total,Km^2,P
14,14.5,14.5.1,ER_MRN_TOTL,Cyprus,2016,98279.5,Float,All,A,T,NA,Total,Km^2,P
14,14.5,14.5.1,ER_MRN_TOTL,Kiribati,2016,3459130.4,Float,All,A,T,NA,Total,Km^2,P
14,14.5,14.5.1,ER_MRN_TOTL,Turkmenistan,2016,77885.2,Float,All,A,T,NA,Total,Km^2,P
14,14.5,14.5.1,ER_MRN_TOTL,Marshall Islands,2016,2004587.3,Float,All,A,T,NA,Total,Km^2,P
14,14.5,14.5.1,ER_MRN_TOTL,Georgia,2016,22907,Float,All,A,T,NA,Total,Km^2,P
14,14.5,14.5.1,ER_MRN_TOTL,Gabon,2016,193292.3,Float,All,A,T,NA,Total,Km^2,P
14,14.5,14.5.1,ER_MRN_TOTL,Equatorial Guinea,2016,310365.4,Float,All,A,T,NA,Total,Km^2,P
14,14.5,14.5.1,ER_MRN_TOTL,Sudan,2016,66785.6,Float,All,A,T,NA,Total,Km^2,P
14,14.5,14.5.1,ER_MRN_TOTL,Christmas Island,2016,330035.5,Float,All,A,T,NA,Total,Km^2,P
14,14.5,14.5.1,ER_MRN_TOTL,Australia,2016,7432133.4,Float,All,A,T,NA,Total,Km^2,P
14,14.5,14.5.1,ER_MRN_TOTL,Cocos (Keeling) Islands,2016,470116.6,Float,All,A,T,NA,Total,Km^2,P
14,14.5,14.5.1,ER_MRN_TOTL,Jersey,2016,2962.1,Float,All,A,T,NA,Total,Km^2,P
14,14.5,14.5.1,ER_MRN_TOTL,United Arab Emirates,2016,54711,Float,All,A,T,NA,Total,Km^2,P
14,14.5,14.5.1,ER_MRN_TOTL,Romania,2016,29726.4,Float,All,A,T,NA,Total,Km^2,P
14,14.5,14.5.1,ER_MRN_TOTL,Poland,2016,31945.6,Float,All,A,T,NA,Total,Km^2,P
14,14.5,14.5.1,ER_MRN_TOTL,Russian Federation,2016,7673314.1,Float,All,A,T,NA,Total,Km^2,P
14,14.5,14.5.1,ER_MRN_TOTL,Syrian Arab Republic (Syria),2016,10203.6,Float,All,A,T,NA,Total,Km^2,P
14,14.5,14.5.1,ER_MRN_TOTL,Denmark,2016,100469.8,Float,All,A,T,NA,Total,Km^2,P
14,14.5,14.5.1,ER_MRN_TOTL,Estonia,2016,36346.4,Float,All,A,T,NA,Total,Km^2,P
14,14.5,14.5.1,ER_MRN_TOTL,Israel,2016,27855,Float,All,A,T,NA,Total,Km^2,P
14,14.5,14.5.1,ER_MRN_TOTL,Faroe Islands,2016,266720.4,Float,All,A,T,NA,Total,Km^2,P
14,14.5,14.5.1,ER_MRN_TOTL,French Guiana,2016,136563.8,Float,All,A,T,NA,Total,Km^2,P
14,14.5,14.5.1,ER_MRN_TOTL,Bulgaria,2016,35171.9,Float,All,A,T,NA,Total,Km^2,P
14,14.5,14.5.1,ER_MRN_TOTL,Kuwait,2016,11895.8,Float,All,A,T,NA,Total,Km^2,P
14,14.5,14.5.1,ER_MRN_TOTL,Norway,2016,926317.7,Float,All,A,T,NA,Total,Km^2,P
14,14.5,14.5.1,ER_MRN_TOTL,Falkland Islands (Malvinas),2016,549091.6,Float,All,A,T,NA,Total,Km^2,P
14,14.5,14.5.1,ER_MRN_TOTL,Iceland,2016,752783.5,Float,All,A,T,NA,Total,Km^2,P
14,14.5,14.5.1,ER_MRN_TOTL,Comoros,2016,165505.1,Float,All,A,T,NA,Total,Km^2,P
14,14.5,14.5.1,ER_MRN_TOTL,Ireland,2016,426441.7,Float,All,A,T,NA,Total,Km^2,P
14,14.5,14.5.1,ER_MRN_TOTL,Saint Pierre and Miquelon,2016,12367.3,Float,All,A,T,NA,Total,Km^2,P
14,14.5,14.5.1,ER_MRN_TOTL,Latin America and the Caribbean,2016,21931950.1222074,Float,All,A,T,NA,Total,Km^2,P
14,14.5,14.5.1,ER_MRN_TOTL,Djibouti,2016,7031.1,Float,All,A,T,NA,Total,Km^2,P
14,14.5,14.5.1,ER_MRN_TOTL,Anguilla,2016,92653.6,Float,All,A,T,NA,Total,Km^2,P
14,14.5,14.5.1,ER_MRN_TOTL,Sweden,2016,154980.5,Float,All,A,T,NA,Total,Km^2,P
14,14.5,14.5.1,ER_MRN_TOTL,Netherlands,2016,64205,Float,All,A,T,NA,Total,Km^2,P
14,14.5,14.5.1,ER_MRN_TOTL,Belize,2016,36249.8,Float,All,A,T,NA,Total,Km^2,P
14,14.5,14.5.1,ER_MRN_TOTL,El Salvador,2016,94238,Float,All,A,T,NA,Total,Km^2,P
14,14.5,14.5.1,ER_MRN_TOTL,Cayman Islands,2016,119605.5,Float,All,A,T,NA,Total,Km^2,P
14,14.5,14.5.1,ER_MRN_TOTL,Cuba,2016,365755.7,Float,All,A,T,NA,Total,Km^2,P
14,14.5,14.5.1,ER_MRN_TOTL,Uruguay,2016,130098,Float,All,A,T,NA,Total,Km^2,P
14,14.5,14.5.1,ER_MRN_TOTL,Curaçao,2016,30535,Float,All,A,T,NA,Total,Km^2,P
14,14.5,14.5.1,ER_MRN_TOTL,Croatia,2016,55462.4,Float,All,A,T,NA,Total,Km^2,P
14,14.5,14.5.1,ER_MRN_TOTL,Dominica,2016,28749.2,Float,All,A,T,NA,Total,Km^2,P
14,14.5,14.5.1,ER_MRN_TOTL,South Georgia and the South Sandwich Islands,2016,1445886.7,Float,All,A,T,NA,Total,Km^2,P
14,14.5,14.5.1,ER_MRN_TOTL,Barbados,2016,185019.8,Float,All,A,T,NA,Total,Km^2,P
14,14.5,14.5.1,ER_MRN_TOTL,Ecuador,2016,1079901.1,Float,All,A,T,NA,Total,Km^2,P
14,14.5,14.5.1,ER_MRN_TOTL,"Bonaire, Sint Eustatius and Saba",2016,25112.4,Float,All,A,T,NA,Total,Km^2,P
14,14.5,14.5.1,ER_MRN_TOTL,Yemen,2016,548014,Float,All,A,T,NA,Total,Km^2,P
14,14.5,14.5.1,ER_MRN_TOTL,Nicaragua,2016,223935.2,Float,All,A,T,NA,Total,Km^2,P
14,14.5,14.5.1,ER_MRN_TOTL,Peru,2016,838329.6,Float,All,A,T,NA,Total,Km^2,P
14,14.5,14.5.1,ER_MRN_TOTL,Antigua and Barbuda,2016,108492.4,Float,All,A,T,NA,Total,Km^2,P
14,14.5,14.5.1,ER_MRN_TOTL,Albania,2016,11199.4,Float,All,A,T,NA,Total,Km^2,P
14,14.5,14.5.1,ER_MRN_TOTL,Mexico,2016,3284659.7,Float,All,A,T,NA,Total,Km^2,P
14,14.5,14.5.1,ER_MRN_TOTL,Kazakhstan,2016,119085,Float,All,A,T,NA,Total,Km^2,P
14,14.5,14.5.1,ER_MRN_TOTL,Honduras,2016,219971.2,Float,All,A,T,NA,Total,Km^2,P
14,14.5,14.5.1,ER_MRN_TOTL,Argentina,2016,1083150.6,Float,All,A,T,NA,Total,Km^2,P
14,14.5,14.5.1,ER_MRN_TOTL,Qatar,2016,31987.7,Float,All,A,T,NA,Total,Km^2,P
14,14.5,14.5.1,ER_MRN_TOTL,Guatemala,2016,118336.4,Float,All,A,T,NA,Total,Km^2,P
14,14.5,14.5.1,ER_MRN_TOTL,United Kingdom,2016,723404.7,Float,All,A,T,NA,Total,Km^2,P
14,14.5,14.5.1,ER_MRN_TOTL,Bahamas,2016,597705.1,Float,All,A,T,NA,Total,Km^2,P
14,14.5,14.5.1,ER_MRN_TOTL,French Southern Territories,2016,2277433,Float,All,A,T,NA,Total,Km^2,P
14,14.5,14.5.1,ER_MRN_TOTL,Monaco,2016,284.2,Float,All,A,T,NA,Total,Km^2,P
14,14.5,14.5.1,ER_MRN_TOTL,Greenland,2016,2264467.1,Float,All,A,T,NA,Total,Km^2,P
14,14.5,14.5.1,ER_MRN_TOTL,Trinidad and Tobago,2016,75798.5,Float,All,A,T,NA,Total,Km^2,P
14,14.5,14.5.1,ER_MRN_TOTL,Ghana,2016,226758.6,Float,All,A,T,NA,Total,Km^2,P
14,14.5,14.5.1,ER_MRN_TOTL,United States Virgin Islands	,2016,36030.3,Float,All,A,T,NA,Total,Km^2,P
14,14.5,14.5.1,ER_MRN_TOTL,Turks and Caicos Islands,2016,154242.2,Float,All,A,T,NA,Total,Km^2,P
14,14.5,14.5.1,ER_MRN_TOTL,Guinea-Bissau,2016,106506.6,Float,All,A,T,NA,Total,Km^2,P
14,14.5,14.5.1,ER_MRN_TOTL,Dominican Republic,2016,270774.2,Float,All,A,T,NA,Total,Km^2,P
14,14.5,14.5.1,ER_MRN_TOTL,Northern America and Europe,2016,33879788.8350056,Float,All,A,T,NA,Total,Km^2,P
14,14.5,14.5.1,ER_MRN_TOTL,Grenada,2016,26281.5,Float,All,A,T,NA,Total,Km^2,P
14,14.5,14.5.1,ER_MRN_TOTL,Viet Nam,2016,647232.2,Float,All,A,T,NA,Total,Km^2,P
14,14.5,14.5.1,ER_MRN_TOTL,Guadeloupe,2016,91039.1,Float,All,A,T,NA,Total,Km^2,P
14,14.5,14.5.1,ER_MRN_TOTL,Canada,2016,5698082.7,Float,All,A,T,NA,Total,Km^2,P
14,14.5,14.5.1,ER_MRN_TOTL,Colombia,2016,730741.8,Float,All,A,T,NA,Total,Km^2,P
14,14.5,14.5.1,ER_MRN_TOTL,Mayotte,2016,63362.3,Float,All,A,T,NA,Total,Km^2,P
14,14.5,14.5.1,ER_MRN_TOTL,Puerto Rico,2016,176163.1,Float,All,A,T,NA,Total,Km^2,P
14,14.5,14.5.1,ER_MRN_TOTL,World,2016,141195956.2699747,Float,All,A,T,NA,Total,Km^2,P
14,14.5,14.5.1,ER_MRN_TOTL,Landlocked developing countries (LLDCs),2016,276002.3059591,Float,All,A,T,NA,Total,Km^2,P
14,14.5,14.5.1,ER_MRN_TOTL,Mauritius,2016,1280068.3,Float,All,A,T,NA,Total,Km^2,P
14,14.5,14.5.1,ER_MRN_TOTL,New Zealand,2016,4106953.9,Float,All,A,T,NA,Total,Km^2,P
14,14.5,14.5.1,ER_MRN_TOTL,Norfolk Island,2016,432638.1,Float,All,A,T,NA,Total,Km^2,P
14,14.5,14.5.1,ER_MRN_TOTL,Madagascar,2016,1205824.8,Float,All,A,T,NA,Total,Km^2,P
14,14.5,14.5.1,ER_MRN_TOTL,Gibraltar,2016,426.7,Float,All,A,T,NA,Total,Km^2,P
14,14.5,14.5.1,ER_MRN_TOTL,Maldives,2016,922110,Float,All,A,T,NA,Total,Km^2,P
14,14.5,14.5.1,ER_MRN_TOTL,Saint Barthélemy	,2016,4317.9,Float,All,A,T,NA,Total,Km^2,P
14,14.5,14.5.1,ER_MRN_TOTL,Saint Martin (French Part),2016,1068.7,Float,All,A,T,NA,Total,Km^2,P
14,14.5,14.5.1,ER_MRN_TOTL,Gambia,2016,22745.5,Float,All,A,T,NA,Total,Km^2,P
14,14.5,14.5.1,ER_MRN_TOTL,Saint Vincent and the Grenadines	,2016,36510.9,Float,All,A,T,NA,Total,Km^2,P
14,14.5,14.5.1,ER_MRN_TOTL,Belgium,2016,3465.1,Float,All,A,T,NA,Total,Km^2,P
14,14.5,14.5.1,ER_MRN_TOTL,Kenya,2016,112400.4,Float,All,A,T,NA,Total,Km^2,P
14,14.5,14.5.1,ER_MRN_TOTL,France,2016,343866.4,Float,All,A,T,NA,Total,Km^2,P
14,14.5,14.5.1,ER_MRN_TOTL,Guyana,2016,136910,Float,All,A,T,NA,Total,Km^2,P
14,14.5,14.5.1,ER_MRN_TOTL,Germany,2016,56357.9,Float,All,A,T,NA,Total,Km^2,P
14,14.5,14.5.1,ER_MRN_TOTL,"Tanzania, United Republic of",2016,243129.6,Float,All,A,T,NA,Total,Km^2,P
14,14.5,14.5.1,ER_MRN_TOTL,Spain,2016,1005717.3,Float,All,A,T,NA,Total,Km^2,P
14,14.5,14.5.1,ER_MRN_TOTL,United States of America,2016,8591493.1,Float,All,A,T,NA,Total,Km^2,P
14,14.5,14.5.1,ER_MRN_TOTL,Slovenia,2016,186.3,Float,All,A,T,NA,Total,Km^2,P
14,14.5,14.5.1,ER_MRN_TOTL,Seychelles,2016,1340839.5,Float,All,A,T,NA,Total,Km^2,P
14,14.5,14.5.1,ER_MRN_TOTL,Portugal,2016,1724156.2,Float,All,A,T,NA,Total,Km^2,P
14,14.5,14.5.1,ER_MRN_TOTL,Montenegro,2016,7459.2,Float,All,A,T,NA,Total,Km^2,P
14,14.5,14.5.1,ER_MRN_TOTL,Angola,2016,493753.4,Float,All,A,T,NA,Total,Km^2,P
14,14.5,14.5.1,ER_MRN_TOTL,Costa Rica,2016,576110.2,Float,All,A,T,NA,Total,Km^2,P
14,14.5,14.5.1,ER_MRN_TOTL,Bermuda,2016,451643.7,Float,All,A,T,NA,Total,Km^2,P
14,14.5,14.5.1,ER_MRN_TOTL,Guernsey,2016,8672.7,Float,All,A,T,NA,Total,Km^2,P
14,14.5,14.5.1,ER_MRN_TOTL,Cameroon,2016,14704.3,Float,All,A,T,NA,Total,Km^2,P
14,14.5,14.5.1,ER_MRN_TOTL,Saint Kitts and Nevis,2016,10262.9,Float,All,A,T,NA,Total,Km^2,P
14,14.5,14.5.1,ER_MRN_TOTL,Chile,2016,3657313,Float,All,A,T,NA,Total,Km^2,P
14,14.5,14.5.1,ER_MRN_TOTL,Saint Lucia,2016,15560.3,Float,All,A,T,NA,Total,Km^2,P
14,14.5,14.5.1,ER_MRN_TOTL,Côte d'Ivoire,2016,174842.2,Float,All,A,T,NA,Total,Km^2,P
14,14.5,14.5.1,ER_MRN_TOTL,Sint Maarten (Dutch part)	,2016,497.5,Float,All,A,T,NA,Total,Km^2,P
14,14.5,14.5.1,ER_MRN_TOTL,Latvia,2016,28879.6,Float,All,A,T,NA,Total,Km^2,P
14,14.5,14.5.1,ER_MRN_TOTL,Malaysia,2016,451741.5,Float,All,A,T,NA,Total,Km^2,P
14,14.5,14.5.1,ER_MRN_TOTL,Myanmar,2016,514147.2,Float,All,A,T,NA,Total,Km^2,P
14,14.5,14.5.1,ER_MRN_MARIN,Turks and Caicos Islands,2016,0.09725,Float,All,A,T,NA,Total,Percentage,P
14,14.5,14.5.1,ER_MRN_MARIN,Mauritania,2016,4.153705,Float,All,A,T,NA,Total,Percentage,P
14,14.5,14.5.1,ER_MRN_MARIN,Dominican Republic,2016,9.084691,Float,All,A,T,NA,Total,Percentage,P
14,14.5,14.5.1,ER_MRN_MARIN,Landlocked developing countries (LLDCs),2016,1.8115076203160798,Float,All,A,T,NA,Total,Percentage,P
14,14.5,14.5.1,ER_MRN_MARIN,Grenada,2016,0.041855,Float,All,A,T,NA,Total,Percentage,P
14,14.5,14.5.1,ER_MRN_MARIN,Liberia,2016,0.101708,Float,All,A,T,NA,Total,Percentage,P
14,14.5,14.5.1,ER_MRN_MARIN,United States Virgin Islands	,2016,0.849285,Float,All,A,T,NA,Total,Percentage,P
14,14.5,14.5.1,ER_MRN_MARIN,Congo (Brazzaville),2016,3.205932,Float,All,A,T,NA,Total,Percentage,P
14,14.5,14.5.1,ER_MRN_MARIN,"Congo, (Kinshasa)",2016,0.233691,Float,All,A,T,NA,Total,Percentage,P
14,14.5,14.5.1,ER_MRN_MARIN,Samoa,2016,0.085408,Float,All,A,T,NA,Total,Percentage,P
14,14.5,14.5.1,ER_MRN_MARIN,Panama,2016,1.68138,Float,All,A,T,NA,Total,Percentage,P
14,14.5,14.5.1,ER_MRN_MARIN,Norway,2016,0.746612,Float,All,A,T,NA,Total,Percentage,P
14,14.5,14.5.1,ER_MRN_MARIN,Solomon Islands,2016,0.11803,Float,All,A,T,NA,Total,Percentage,P
14,14.5,14.5.1,ER_MRN_MARIN,Northern Mariana Islands,2016,33.228081,Float,All,A,T,NA,Total,Percentage,P
14,14.5,14.5.1,ER_MRN_MARIN,Estonia,2016,18.626329,Float,All,A,T,NA,Total,Percentage,P
14,14.5,14.5.1,ER_MRN_MARIN,Pitcairn,2016,100.752133,Float,All,A,T,NA,Total,Percentage,P
14,14.5,14.5.1,ER_MRN_MARIN,Faroe Islands,2016,0.010873,Float,All,A,T,NA,Total,Percentage,P
14,14.5,14.5.1,ER_MRN_MARIN,US Minor Outlying Islands,2016,65.149567,Float,All,A,T,NA,Total,Percentage,P
14,14.5,14.5.1,ER_MRN_MARIN,Sierra Leone,2016,0.537854,Float,All,A,T,NA,Total,Percentage,P
14,14.5,14.5.1,ER_MRN_MARIN,Saint Lucia,2016,0.218505,Float,All,A,T,NA,Total,Percentage,P
14,14.5,14.5.1,ER_MRN_MARIN,Niue,2016,0.011312,Float,All,A,T,NA,Total,Percentage,P
14,14.5,14.5.1,ER_MRN_MARIN,Palau,2016,82.985271,Float,All,A,T,NA,Total,Percentage,P
14,14.5,14.5.1,ER_MRN_MARIN,Sint Maarten (Dutch part)	,2016,5.427136,Float,All,A,T,NA,Total,Percentage,P
14,14.5,14.5.1,ER_MRN_MARIN,Senegal,2016,1.10272,Float,All,A,T,NA,Total,Percentage,P
14,14.5,14.5.1,ER_MRN_MARIN,Namibia,2016,1.714151,Float,All,A,T,NA,Total,Percentage,P
14,14.5,14.5.1,ER_MRN_MARIN,Saint Vincent and the Grenadines	,2016,0.219113,Float,All,A,T,NA,Total,Percentage,P
14,14.5,14.5.1,ER_MRN_MARIN,Saint Helena,2016,27.529319,Float,All,A,T,NA,Total,Percentage,P
14,14.5,14.5.1,ER_MRN_MARIN,Saint Martin (French Part),2016,96.565921,Float,All,A,T,NA,Total,Percentage,P
14,14.5,14.5.1,ER_MRN_MARIN,Nicaragua,2016,2.930759,Float,All,A,T,NA,Total,Percentage,P
14,14.5,14.5.1,ER_MRN_MARIN,Trinidad and Tobago,2016,0.048814,Float,All,A,T,NA,Total,Percentage,P
14,14.5,14.5.1,ER_MRN_MARIN,Nigeria,2016,0.016952,Float,All,A,T,NA,Total,Percentage,P
14,14.5,14.5.1,ER_MRN_MARIN,Guam,2016,0.008887,Float,All,A,T,NA,Total,Percentage,P
14,14.5,14.5.1,ER_MRN_MARIN,Marshall Islands,2016,0.268784,Float,All,A,T,NA,Total,Percentage,P
14,14.5,14.5.1,ER_MRN_MARIN,Guadeloupe,2016,99.914213,Float,All,A,T,NA,Total,Percentage,P
14,14.5,14.5.1,ER_MRN_MARIN,Central Asia and Southern Asia (SDG),2015,0.1337644005722968,Float,All,A,T,NA,Total,Percentage,P
14,14.5,14.5.1,ER_MRN_MARIN,Kiribati,2016,11.814154,Float,All,A,T,NA,Total,Percentage,P
14,14.5,14.5.1,ER_MRN_MARIN,Papua New Guinea,2016,0.190497,Float,All,A,T,NA,Total,Percentage,P
14,14.5,14.5.1,ER_MRN_MARIN,American Samoa,2016,8.710818,Float,All,A,T,NA,Total,Percentage,P
14,14.5,14.5.1,ER_MRN_MARIN,Northern Africa and Western Asia,2015,1.0513737490221928,Float,All,A,T,NA,Total,Percentage,P
14,14.5,14.5.1,ER_MRN_MARIN,Italy,2016,8.783572,Float,All,A,T,NA,Total,Percentage,P
14,14.5,14.5.1,ER_MRN_MARIN,Sub-Saharan Africa,2015,8.9560118071301440,Float,All,A,T,NA,Total,Percentage,P
14,14.5,14.5.1,ER_MRN_MARIN,World,2015,11.9208059534297880,Float,All,A,T,NA,Total,Percentage,P
14,14.5,14.5.1,ER_MRN_MARIN,Greece,2016,1.457183,Float,All,A,T,NA,Total,Percentage,P
14,14.5,14.5.1,ER_MRN_MARIN,Small island developing States (SIDS),2016,7.6781580734980430,Float,All,A,T,NA,Total,Percentage,P
14,14.5,14.5.1,ER_MRN_MARIN,Norfolk Island,2016,0.000925,Float,All,A,T,NA,Total,Percentage,P
14,14.5,14.5.1,ER_MRN_MARIN,Northern America and Europe,2015,13.4187718606362800,Float,All,A,T,NA,Total,Percentage,P
14,14.5,14.5.1,ER_MRN_MARIN,Australia,2016,40.653441,Float,All,A,T,NA,Total,Percentage,P
14,14.5,14.5.1,ER_MRN_MARIN,Malta,2016,6.264285,Float,All,A,T,NA,Total,Percentage,P
14,14.5,14.5.1,ER_MRN_MARIN,Cocos (Keeling) Islands,2016,0.005531,Float,All,A,T,NA,Total,Percentage,P
14,14.5,14.5.1,ER_MRN_MARIN,French Polynesia,2016,0.004317,Float,All,A,T,NA,Total,Percentage,P
14,14.5,14.5.1,ER_MRN_MARIN,Portugal,2016,8.356609,Float,All,A,T,NA,Total,Percentage,P
14,14.5,14.5.1,ER_MRN_MARIN,Latin America and the Caribbean,2015,8.2659738661914750,Float,All,A,T,NA,Total,Percentage,P
14,14.5,14.5.1,ER_MRN_MARIN,Heard and Mcdonald Islands,2016,15.421126,Float,All,A,T,NA,Total,Percentage,P
14,14.5,14.5.1,ER_MRN_MARIN,"Micronesia, Federated States of",2016,0.017564,Float,All,A,T,NA,Total,Percentage,P
14,14.5,14.5.1,ER_MRN_MARIN,Cook Islands,2016,0.00076,Float,All,A,T,NA,Total,Percentage,P
14,14.5,14.5.1,ER_MRN_MARIN,Eastern and South-Eastern Asia,2015,3.5582231383823500,Float,All,A,T,NA,Total,Percentage,P
14,14.5,14.5.1,ER_MRN_MARIN,Jamaica,2016,0.754599,Float,All,A,T,NA,Total,Percentage,P
14,14.5,14.5.1,ER_MRN_MARIN,Least Developed Countries (LDCs),2016,3.7339619353821525,Float,All,A,T,NA,Total,Percentage,P
14,14.5,14.5.1,ER_MRN_MARIN,Fiji,2016,0.924414,Float,All,A,T,NA,Total,Percentage,P
14,14.5,14.5.1,ER_MRN_MARIN,Gabon,2016,0.968999,Float,All,A,T,NA,Total,Percentage,P
14,14.5,14.5.1,ER_MRN_MARIN,Saint Barthélemy	,2016,98.334839,Float,All,A,T,NA,Total,Percentage,P
14,14.5,14.5.1,ER_MRN_MARIN,Togo,2016,0.199731,Float,All,A,T,NA,Total,Percentage,P
14,14.5,14.5.1,ER_MRN_MARIN,Puerto Rico,2016,1.746109,Float,All,A,T,NA,Total,Percentage,P
14,14.5,14.5.1,ER_MRN_MARIN,Oceania (exc. Australia and New Zealand),2016,15.5822162705892050,Float,All,A,T,NA,Total,Percentage,P
14,14.5,14.5.1,ER_MRN_MARIN,Bahamas,2016,0.565664,Float,All,A,T,NA,Total,Percentage,P
14,14.5,14.5.1,ER_MRN_MARIN,New Caledonia,2016,96.341224,Float,All,A,T,NA,Total,Percentage,P
14,14.5,14.5.1,ER_MRN_MARIN,Sao Tome and Principe,2016,0.026574,Float,All,A,T,NA,Total,Percentage,P
14,14.5,14.5.1,ER_MRN_MARIN,Antigua and Barbuda,2016,0.191718,Float,All,A,T,NA,Total,Percentage,P
14,14.5,14.5.1,ER_MRN_MARIN,Tonga,2016,1.505116,Float,All,A,T,NA,Total,Percentage,P
14,14.5,14.5.1,ER_MRN_MARIN,Cayman Islands,2016,0.077756,Float,All,A,T,NA,Total,Percentage,P
14,14.5,14.5.1,ER_MRN_MARIN,Mexico,2016,2.251405,Float,All,A,T,NA,Total,Percentage,P
14,14.5,14.5.1,ER_MRN_MARIN,Vanuatu,2016,0.007716,Float,All,A,T,NA,Total,Percentage,P
14,14.5,14.5.1,ER_MRN_MARIN,Honduras,2016,4.18282,Float,All,A,T,NA,Total,Percentage,P
14,14.5,14.5.1,ER_MRN_MARIN,British Virgin Islands,2016,0.05588,Float,All,A,T,NA,Total,Percentage,P
14,14.5,14.5.1,ER_MRN_MARIN,Tuvalu,2016,0.008471,Float,All,A,T,NA,Total,Percentage,P
14,14.5,14.5.1,ER_MRN_MARIN,New Zealand,2016,30.342999,Float,All,A,T,NA,Total,Percentage,P
14,14.5,14.5.1,ER_MRN_MARIN,Martinique,2016,99.856646,Float,All,A,T,NA,Total,Percentage,P
14,14.5,14.5.1,ER_MRN_MARIN,Tokelau,2016,0.003113,Float,All,A,T,NA,Total,Percentage,P
14,14.5,14.5.1,ER_MRN_MARIN,Small island developing States (SIDS),2015,7.6781578081340580,Float,All,A,T,NA,Total,Percentage,P
14,14.5,14.5.1,ER_MRN_MARIN,Equatorial Guinea,2016,0.235207,Float,All,A,T,NA,Total,Percentage,P
14,14.5,14.5.1,ER_MRN_MARIN,Australia and New Zealand,2016,34.2967304059490300,Float,All,A,T,NA,Total,Percentage,P
14,14.5,14.5.1,ER_MRN_MARIN,Saint Kitts and Nevis,2016,0.165645,Float,All,A,T,NA,Total,Percentage,P
14,14.5,14.5.1,ER_MRN_MARIN,Landlocked developing countries (LLDCs),2015,1.8115076203160798,Float,All,A,T,NA,Total,Percentage,P
14,14.5,14.5.1,ER_MRN_MARIN,Falkland Islands (Malvinas),2016,0.00947,Float,All,A,T,NA,Total,Percentage,P
14,14.5,14.5.1,ER_MRN_MARIN,French Guiana,2016,0.968046,Float,All,A,T,NA,Total,Percentage,P
14,14.5,14.5.1,ER_MRN_MARIN,Ecuador,2016,13.05064,Float,All,A,T,NA,Total,Percentage,P
14,14.5,14.5.1,ER_MRN_MARIN,Suriname,2016,1.54328,Float,All,A,T,NA,Total,Percentage,P
14,14.5,14.5.1,ER_MRN_MARIN,Uruguay,2016,0.72,Float,All,A,T,NA,Total,Percentage,P
14,14.5,14.5.1,ER_MRN_MARIN,South Georgia and the South Sandwich Islands,2016,73.719469,Float,All,A,T,NA,Total,Percentage,P
14,14.5,14.5.1,ER_MRN_MARIN,Peru,2016,0.480837,Float,All,A,T,NA,Total,Percentage,P
14,14.5,14.5.1,ER_MRN_MARIN,Guyana,2016,0.012417,Float,All,A,T,NA,Total,Percentage,P
14,14.5,14.5.1,ER_MRN_MARIN,Kazakhstan,2016,1.04967,Float,All,A,T,NA,Total,Percentage,P
14,14.5,14.5.1,ER_MRN_MARIN,Central Asia and Southern Asia (SDG),2016,0.1337644005722968,Float,All,A,T,NA,Total,Percentage,P
14,14.5,14.5.1,ER_MRN_MARIN,Israel,2016,0.03231,Float,All,A,T,NA,Total,Percentage,P
14,14.5,14.5.1,ER_MRN_MARIN,Kuwait,2016,1.479514,Float,All,A,T,NA,Total,Percentage,P
14,14.5,14.5.1,ER_MRN_MARIN,Jordan,2016,35.218783,Float,All,A,T,NA,Total,Percentage,P
14,14.5,14.5.1,ER_MRN_MARIN,Viet Nam,2016,0.56085,Float,All,A,T,NA,Total,Percentage,P
14,14.5,14.5.1,ER_MRN_MARIN,Saudi Arabia,2016,1.526744,Float,All,A,T,NA,Total,Percentage,P
14,14.5,14.5.1,ER_MRN_MARIN,Qatar,2016,0.18132,Float,All,A,T,NA,Total,Percentage,P
14,14.5,14.5.1,ER_MRN_MARIN,British Indian Ocean Territory,2016,99.9263,Float,All,A,T,NA,Total,Percentage,P
14,14.5,14.5.1,ER_MRN_MARIN,Venezuela (Bolivarian Republic),2016,3.485976,Float,All,A,T,NA,Total,Percentage,P
14,14.5,14.5.1,ER_MRN_MARIN,Brazil,2016,1.684944,Float,All,A,T,NA,Total,Percentage,P
14,14.5,14.5.1,ER_MRN_MARIN,Eastern and South-Eastern Asia,2016,3.5646843185235118,Float,All,A,T,NA,Total,Percentage,P
14,14.5,14.5.1,ER_MRN_MARIN,Northern America and Europe,2016,13.4286020597767400,Float,All,A,T,NA,Total,Percentage,P
14,14.5,14.5.1,ER_MRN_MARIN,World,2016,12.7374196163751920,Float,All,A,T,NA,Total,Percentage,P
14,14.5,14.5.1,ER_MRN_MARIN,Maldives,2016,0.048693,Float,All,A,T,NA,Total,Percentage,P
14,14.5,14.5.1,ER_MRN_MARIN,"Iran, Islamic Republic of",2016,0.804713,Float,All,A,T,NA,Total,Percentage,P
14,14.5,14.5.1,ER_MRN_MARIN,India,2016,0.170692,Float,All,A,T,NA,Total,Percentage,P
14,14.5,14.5.1,ER_MRN_MARIN,Latvia,2016,16.035541,Float,All,A,T,NA,Total,Percentage,P
14,14.5,14.5.1,ER_MRN_MARIN,Svalbard and Jan Mayen Islands,2016,7.64445,Float,All,A,T,NA,Total,Percentage,P
14,14.5,14.5.1,ER_MRN_MARIN,Argentina,2016,4.01994,Float,All,A,T,NA,Total,Percentage,P
14,14.5,14.5.1,ER_MRN_MARIN,Colombia,2016,2.063793,Float,All,A,T,NA,Total,Percentage,P
14,14.5,14.5.1,ER_MRN_MARIN,Chile,2016,12.595203,Float,All,A,T,NA,Total,Percentage,P
14,14.5,14.5.1,ER_MRN_MARIN,Bangladesh,2016,5.35694,Float,All,A,T,NA,Total,Percentage,P
14,14.5,14.5.1,ER_MRN_MARIN,Turkmenistan,2016,2.99415,Float,All,A,T,NA,Total,Percentage,P
14,14.5,14.5.1,ER_MRN_MARIN,China,2016,3.766775,Float,All,A,T,NA,Total,Percentage,P
14,14.5,14.5.1,ER_MRN_MARIN,Korea (North),2016,0.02242,Float,All,A,T,NA,Total,Percentage,P
14,14.5,14.5.1,ER_MRN_MARIN,Japan,2016,0.493492,Float,All,A,T,NA,Total,Percentage,P
14,14.5,14.5.1,ER_MRN_MARIN,Pakistan,2016,0.766351,Float,All,A,T,NA,Total,Percentage,P
14,14.5,14.5.1,ER_MRN_MARIN,Sri Lanka,2016,0.074707,Float,All,A,T,NA,Total,Percentage,P
14,14.5,14.5.1,ER_MRN_MARIN,Yemen,2016,0.467506,Float,All,A,T,NA,Total,Percentage,P
14,14.5,14.5.1,ER_MRN_MARIN,United Arab Emirates,2016,4.269708,Float,All,A,T,NA,Total,Percentage,P
14,14.5,14.5.1,ER_MRN_MARIN,Syrian Arab Republic (Syria),2016,0.245012,Float,All,A,T,NA,Total,Percentage,P
14,14.5,14.5.1,ER_MRN_MARIN,Kenya,2016,0.804268,Float,All,A,T,NA,Total,Percentage,P
14,14.5,14.5.1,ER_MRN_MARIN,Northern Africa and Western Asia,2016,1.1135477398084000,Float,All,A,T,NA,Total,Percentage,P
14,14.5,14.5.1,ER_MRN_MARIN,Tunisia,2016,1.04,Float,All,A,T,NA,Total,Percentage,P
14,14.5,14.5.1,ER_MRN_MARIN,Western Sahara,2016,1.47208,Float,All,A,T,NA,Total,Percentage,P
14,14.5,14.5.1,ER_MRN_MARIN,Indonesia,2016,2.882554,Float,All,A,T,NA,Total,Percentage,P
14,14.5,14.5.1,ER_MRN_MARIN,Thailand,2016,1.881453,Float,All,A,T,NA,Total,Percentage,P
14,14.5,14.5.1,ER_MRN_MARIN,Philippines,2016,1.159056,Float,All,A,T,NA,Total,Percentage,P
14,14.5,14.5.1,ER_MRN_MARIN,Timor-Leste,2016,1.374076,Float,All,A,T,NA,Total,Percentage,P
14,14.5,14.5.1,ER_MRN_MARIN,Turkey,2016,0.105499,Float,All,A,T,NA,Total,Percentage,P
14,14.5,14.5.1,ER_MRN_MARIN,Egypt,2016,4.951564,Float,All,A,T,NA,Total,Percentage,P
14,14.5,14.5.1,ER_MRN_MARIN,Libya,2016,0.636499,Float,All,A,T,NA,Total,Percentage,P
14,14.5,14.5.1,ER_MRN_MARIN,Algeria,2016,0.085276,Float,All,A,T,NA,Total,Percentage,P
14,14.5,14.5.1,ER_MRN_MARIN,Sudan,2016,15.964519,Float,All,A,T,NA,Total,Percentage,P
14,14.5,14.5.1,ER_MRN_MARIN,Morocco,2016,0.460642,Float,All,A,T,NA,Total,Percentage,P
14,14.5,14.5.1,ER_MRN_MARIN,Brunei Darussalam,2016,0.202347,Float,All,A,T,NA,Total,Percentage,P
14,14.5,14.5.1,ER_MRN_MARIN,Cambodia,2016,0.185545,Float,All,A,T,NA,Total,Percentage,P
14,14.5,14.5.1,ER_MRN_MARIN,Korea (South),2016,1.630493,Float,All,A,T,NA,Total,Percentage,P
14,14.5,14.5.1,ER_MRN_MARIN,Myanmar,2016,0.05232,Float,All,A,T,NA,Total,Percentage,P
14,14.5,14.5.1,ER_MRN_MARIN,Bahrain,2016,1.244628,Float,All,A,T,NA,Total,Percentage,P
14,14.5,14.5.1,ER_MRN_MARIN,Lithuania,2016,21.515908,Float,All,A,T,NA,Total,Percentage,P
14,14.5,14.5.1,ER_MRN_MARIN,Azerbaijan,2016,0.436531,Float,All,A,T,NA,Total,Percentage,P
14,14.5,14.5.1,ER_MRN_MARIN,Oman,2016,0.123196,Float,All,A,T,NA,Total,Percentage,P
14,14.5,14.5.1,ER_MRN_MARIN,"Tanzania, United Republic of",2016,2.495788,Float,All,A,T,NA,Total,Percentage,P
14,14.5,14.5.1,ER_MRN_MARIN,Seychelles,2016,0.036097,Float,All,A,T,NA,Total,Percentage,P
14,14.5,14.5.1,ER_MRN_MARIN,Angola,2016,0,Float,All,A,T,NA,Total,Percentage,P
14,14.5,14.5.1,ER_MRN_MARIN,Cameroon,2016,3.407167,Float,All,A,T,NA,Total,Percentage,P
14,14.5,14.5.1,ER_MRN_MARIN,Côte d'Ivoire,2016,0.074353,Float,All,A,T,NA,Total,Percentage,P
14,14.5,14.5.1,ER_MRN_MARIN,Gambia,2016,0.070344,Float,All,A,T,NA,Total,Percentage,P
14,14.5,14.5.1,ER_MRN_MARIN,Ghana,2016,0.092609,Float,All,A,T,NA,Total,Percentage,P
14,14.5,14.5.1,ER_MRN_MARIN,Guinea-Bissau,2016,10.009708,Float,All,A,T,NA,Total,Percentage,P
14,14.5,14.5.1,ER_MRN_MARIN,Guinea,2016,0.529344,Float,All,A,T,NA,Total,Percentage,P
14,14.5,14.5.1,ER_MRN_MARIN,Sub-Saharan Africa,2016,8.9560118071301440,Float,All,A,T,NA,Total,Percentage,P
14,14.5,14.5.1,ER_MRN_MARIN,Réunion,2016,0.016114,Float,All,A,T,NA,Total,Percentage,P
14,14.5,14.5.1,ER_MRN_MARIN,Mozambique,2016,2.232031,Float,All,A,T,NA,Total,Percentage,P
14,14.5,14.5.1,ER_MRN_MARIN,Mayotte,2016,108.53457,Float,All,A,T,NA,Total,Percentage,P
14,14.5,14.5.1,ER_MRN_MARIN,Mauritius,2016,0.003906,Float,All,A,T,NA,Total,Percentage,P
14,14.5,14.5.1,ER_MRN_MARIN,Madagascar,2016,0.357266,Float,All,A,T,NA,Total,Percentage,P
14,14.5,14.5.1,ER_MRN_MARIN,Cyprus,2016,0.123118,Float,All,A,T,NA,Total,Percentage,P
14,14.5,14.5.1,ER_MRN_MARIN,Georgia,2016,0.67,Float,All,A,T,NA,Total,Percentage,P
14,14.5,14.5.1,ER_MRN_MARIN,Lebanon,2016,0.212261,Float,All,A,T,NA,Total,Percentage,P
14,14.5,14.5.1,ER_MRN_MARIN,Least Developed Countries (LDCs),2015,3.7177899263559238,Float,All,A,T,NA,Total,Percentage,P
14,14.5,14.5.1,ER_MRN_MARIN,Ukraine,2016,3.415059,Float,All,A,T,NA,Total,Percentage,P
14,14.5,14.5.1,ER_MRN_MARIN,Russian Federation,2016,2.974556,Float,All,A,T,NA,Total,Percentage,P
14,14.5,14.5.1,ER_MRN_MARIN,Small island developing States (SIDS),2005,0.2641733542593505,Float,All,A,T,NA,Total,Percentage,P
14,14.5,14.5.1,ER_MRN_MARIN,Least Developed Countries (LDCs),2005,0.2648218599573876,Float,All,A,T,NA,Total,Percentage,P
14,14.5,14.5.1,ER_MRN_MARIN,Landlocked developing countries (LLDCs),2005,1.4946419486573630,Float,All,A,T,NA,Total,Percentage,P
14,14.5,14.5.1,ER_MRN_MARIN,Australia and New Zealand,2005,6.1189553655537590,Float,All,A,T,NA,Total,Percentage,P
14,14.5,14.5.1,ER_MRN_MARIN,Oceania (exc. Australia and New Zealand),2005,0.1508242533003407,Float,All,A,T,NA,Total,Percentage,P
14,14.5,14.5.1,ER_MRN_MARIN,Latin America and the Caribbean,2000,1.4466436287170483,Float,All,A,T,NA,Total,Percentage,P
14,14.5,14.5.1,ER_MRN_MARIN,World,2000,1.7202144944831805,Float,All,A,T,NA,Total,Percentage,P
14,14.5,14.5.1,ER_MRN_MARIN,Eastern and South-Eastern Asia,2005,2.4956444237494530,Float,All,A,T,NA,Total,Percentage,P
14,14.5,14.5.1,ER_MRN_MARIN,Northern America and Europe,2000,4.1922506909606280,Float,All,A,T,NA,Total,Percentage,P
14,14.5,14.5.1,ER_MRN_MARIN,Central Asia and Southern Asia (SDG),2000,0.2765491684759853,Float,All,A,T,NA,Total,Percentage,P
14,14.5,14.5.1,ER_MRN_MARIN,Northern Africa and Western Asia,2000,0.5006240732719330,Float,All,A,T,NA,Total,Percentage,P
14,14.5,14.5.1,ER_MRN_MARIN,Sub-Saharan Africa,2000,0.2012619252763511,Float,All,A,T,NA,Total,Percentage,P
14,14.5,14.5.1,ER_MRN_MARIN,Oceania (exc. Australia and New Zealand),2000,0.0930013286120799,Float,All,A,T,NA,Total,Percentage,P
14,14.5,14.5.1,ER_MRN_MARIN,Australia and New Zealand,2000,2.0000985848276747,Float,All,A,T,NA,Total,Percentage,P
14,14.5,14.5.1,ER_MRN_MARIN,Least Developed Countries (LDCs),2000,0.2270929721034293,Float,All,A,T,NA,Total,Percentage,P
14,14.5,14.5.1,ER_MRN_MARIN,Landlocked developing countries (LLDCs),2000,1.3809984101036386,Float,All,A,T,NA,Total,Percentage,P
14,14.5,14.5.1,ER_MRN_MARIN,Eastern and South-Eastern Asia,2000,1.9715307109497477,Float,All,A,T,NA,Total,Percentage,P
14,14.5,14.5.1,ER_MRN_MARIN,Central Asia and Southern Asia (SDG),2005,0.1103588125626038,Float,All,A,T,NA,Total,Percentage,P
14,14.5,14.5.1,ER_MRN_MARIN,Northern Africa and Western Asia,2005,0.6010449497946027,Float,All,A,T,NA,Total,Percentage,P
14,14.5,14.5.1,ER_MRN_MARIN,Sub-Saharan Africa,2005,0.2543318344589049,Float,All,A,T,NA,Total,Percentage,P
14,14.5,14.5.1,ER_MRN_MARIN,Australia and New Zealand,2015,34.2967304059490300,Float,All,A,T,NA,Total,Percentage,P
14,14.5,14.5.1,ER_MRN_MARIN,Oceania (exc. Australia and New Zealand),2015,12.7708897214968700,Float,All,A,T,NA,Total,Percentage,P
14,14.5,14.5.1,ER_MRN_MARIN,Latin America and the Caribbean,2010,3.1651962384337750,Float,All,A,T,NA,Total,Percentage,P
14,14.5,14.5.1,ER_MRN_MARIN,Northern America and Europe,2010,12.5691830014322930,Float,All,A,T,NA,Total,Percentage,P
14,14.5,14.5.1,ER_MRN_MARIN,World,2010,7.4428432871756550,Float,All,A,T,NA,Total,Percentage,P
14,14.5,14.5.1,ER_MRN_MARIN,Eastern and South-Eastern Asia,2010,3.0041353720474620,Float,All,A,T,NA,Total,Percentage,P
14,14.5,14.5.1,ER_MRN_MARIN,Central Asia and Southern Asia (SDG),2010,0.1199217493047471,Float,All,A,T,NA,Total,Percentage,P
14,14.5,14.5.1,ER_MRN_MARIN,Northern Africa and Western Asia,2010,1.0297050768046865,Float,All,A,T,NA,Total,Percentage,P
14,14.5,14.5.1,ER_MRN_MARIN,Sub-Saharan Africa,2010,4.7490209273350060,Float,All,A,T,NA,Total,Percentage,P
14,14.5,14.5.1,ER_MRN_MARIN,Oceania (exc. Australia and New Zealand),2010,6.7931057803329280,Float,All,A,T,NA,Total,Percentage,P
14,14.5,14.5.1,ER_MRN_MARIN,Australia and New Zealand,2010,16.5618155075372540,Float,All,A,T,NA,Total,Percentage,P
14,14.5,14.5.1,ER_MRN_MARIN,Landlocked developing countries (LLDCs),2010,1.8115076203160798,Float,All,A,T,NA,Total,Percentage,P
14,14.5,14.5.1,ER_MRN_MARIN,Least Developed Countries (LDCs),2010,3.5827875739483070,Float,All,A,T,NA,Total,Percentage,P
14,14.5,14.5.1,ER_MRN_MARIN,Small island developing States (SIDS),2010,2.4202096101746315,Float,All,A,T,NA,Total,Percentage,P
14,14.5,14.5.1,ER_MRN_MARIN,Northern America and Europe,2005,6.9854931573608490,Float,All,A,T,NA,Total,Percentage,P
14,14.5,14.5.1,ER_MRN_MARIN,World,2005,2.8874112116735278,Float,All,A,T,NA,Total,Percentage,P
14,14.5,14.5.1,ER_MRN_MARIN,Latin America and the Caribbean,2005,1.6622947809133440,Float,All,A,T,NA,Total,Percentage,P
14,14.5,14.5.1,ER_MRN_MARIN,Small island developing States (SIDS),2000,0.1942025141668392,Float,All,A,T,NA,Total,Percentage,P
14,14.5,14.5.1,ER_MRN_MARIN,Guernsey,2016,0.196017,Float,All,A,T,NA,Total,Percentage,P
14,14.5,14.5.1,ER_MRN_MARIN,South Africa,2016,12.078818,Float,All,A,T,NA,Total,Percentage,P
14,14.5,14.5.1,ER_MRN_MARIN,Costa Rica,2016,0.833521,Float,All,A,T,NA,Total,Percentage,P
14,14.5,14.5.1,ER_MRN_MARIN,French Southern Territories,2016,2.70278,Float,All,A,T,NA,Total,Percentage,P
14,14.5,14.5.1,ER_MRN_MARIN,"Bonaire, Sint Eustatius and Saba",2016,0.219015,Float,All,A,T,NA,Total,Percentage,P
14,14.5,14.5.1,ER_MRN_MARIN,Barbados,2016,0.005945,Float,All,A,T,NA,Total,Percentage,P
14,14.5,14.5.1,ER_MRN_MARIN,Dominica,2016,0.013913,Float,All,A,T,NA,Total,Percentage,P
14,14.5,14.5.1,ER_MRN_MARIN,Curaçao,2016,0.032749,Float,All,A,T,NA,Total,Percentage,P
14,14.5,14.5.1,ER_MRN_MARIN,Cuba,2016,4.324745,Float,All,A,T,NA,Total,Percentage,P
14,14.5,14.5.1,ER_MRN_MARIN,Croatia,2016,8.540921,Float,All,A,T,NA,Total,Percentage,P
14,14.5,14.5.1,ER_MRN_MARIN,Albania,2016,2.714431,Float,All,A,T,NA,Total,Percentage,P
14,14.5,14.5.1,ER_MRN_MARIN,United Kingdom,2016,20.235423,Float,All,A,T,NA,Total,Percentage,P
14,14.5,14.5.1,ER_MRN_MARIN,Poland,2016,22.572749,Float,All,A,T,NA,Total,Percentage,P
14,14.5,14.5.1,ER_MRN_MARIN,Bulgaria,2016,8.10306,Float,All,A,T,NA,Total,Percentage,P
14,14.5,14.5.1,ER_MRN_MARIN,Saint Pierre and Miquelon,2016,0.056601,Float,All,A,T,NA,Total,Percentage,P
14,14.5,14.5.1,ER_MRN_MARIN,Greenland,2016,4.518723,Float,All,A,T,NA,Total,Percentage,P
14,14.5,14.5.1,ER_MRN_MARIN,United States of America,2016,41.08,Float,All,A,T,NA,Total,Percentage,P
14,14.5,14.5.1,ER_MRN_MARIN,Bermuda,2016,0.032991,Float,All,A,T,NA,Total,Percentage,P
14,14.5,14.5.1,ER_MRN_MARIN,Canada,2016,0.871872,Float,All,A,T,NA,Total,Percentage,P
14,14.5,14.5.1,ER_MRN_MARIN,Denmark,2016,17.848149,Float,All,A,T,NA,Total,Percentage,P
14,14.5,14.5.1,ER_MRN_MARIN,Djibouti,2016,0.540456,Float,All,A,T,NA,Total,Percentage,P
14,14.5,14.5.1,ER_MRN_MARIN,Romania,2016,8.426853,Float,All,A,T,NA,Total,Percentage,P
14,14.5,14.5.1,ER_MRN_MARIN,Comoros,2016,0.02296,Float,All,A,T,NA,Total,Percentage,P
14,14.5,14.5.1,ER_MRN_MARIN,El Salvador,2016,0.70566,Float,All,A,T,NA,Total,Percentage,P
14,14.5,14.5.1,ER_MRN_MARIN,Jersey,2016,6.178049,Float,All,A,T,NA,Total,Percentage,P
14,14.5,14.5.1,ER_MRN_MARIN,Belize,2016,10.080056,Float,All,A,T,NA,Total,Percentage,P
14,14.5,14.5.1,ER_MRN_MARIN,Slovenia,2016,213.097155,Float,All,A,T,NA,Total,Percentage,P
14,14.5,14.5.1,ER_MRN_MARIN,Spain,2016,8.729889,Float,All,A,T,NA,Total,Percentage,P
14,14.5,14.5.1,ER_MRN_MARIN,Germany,2016,45.356552,Float,All,A,T,NA,Total,Percentage,P
14,14.5,14.5.1,ER_MRN_MARIN,France,2016,26.166849,Float,All,A,T,NA,Total,Percentage,P
14,14.5,14.5.1,ER_MRN_MARIN,Belgium,2016,36.651179,Float,All,A,T,NA,Total,Percentage,P
14,14.5,14.5.1,ER_MRN_MARIN,Monaco,2016,99.929627,Float,All,A,T,NA,Total,Percentage,P
14,14.5,14.5.1,ER_MRN_MARIN,Netherlands,2016,21.490538,Float,All,A,T,NA,Total,Percentage,P
14,14.5,14.5.1,ER_MRN_MARIN,Anguilla,2016,0.069074,Float,All,A,T,NA,Total,Percentage,P
14,14.5,14.5.1,ER_MRN_MARIN,Latin America and the Caribbean,2016,9.6376787239187290,Float,All,A,T,NA,Total,Percentage,P
14,14.5,14.5.1,ER_MRN_MARIN,Isle of Man,2016,0,Float,All,A,T,NA,Total,Percentage,P
14,14.5,14.5.1,ER_MRN_MARIN,Ireland,2016,2.332324,Float,All,A,T,NA,Total,Percentage,P
14,14.5,14.5.1,ER_MRN_MARIN,Iceland,2016,0.380322,Float,All,A,T,NA,Total,Percentage,P
14,14.5,14.5.1,ER_MRN_MARIN,Finland,2016,11.130294,Float,All,A,T,NA,Total,Percentage,P
14,14.5,14.5.1,ER_MRN_MARIN,Sweden,2016,8.204258,Float,All,A,T,NA,Total,Percentage,P
14,14.5,14.5.1,ER_MRN_MARIN,Gibraltar,2016,12.889618,Float,All,A,T,NA,Total,Percentage,P
14,14.5,14.5.1,ER_MRN_MARIN,Guatemala,2016,0.807866,Float,All,A,T,NA,Total,Percentage,P
14,14.5,14.5.1,ER_MRN_MARIN,Malaysia,2016,1.407442,Float,All,A,T,NA,Total,Percentage,P
14,14.4,14.4.1,ER_H2O_FISHFEXP,World,2004,52.70833,Float,All,A,T,NA,Total,Percentage,P
14,14.4,14.4.1,ER_H2O_FISHFEXP,World,2011,61.28266,Float,All,A,T,NA,Total,Percentage,P
14,14.4,14.4.1,ER_H2O_FISHFEXP,World,1997,49.72826,Float,All,A,T,NA,Total,Percentage,P
14,14.4,14.4.1,ER_H2O_FISHFEXP,World,1987,43.97906,Float,All,A,T,NA,Total,Percentage,P
14,14.4,14.4.1,ER_H2O_FISHFEXP,World,1990,50,Float,All,A,T,NA,Total,Percentage,P
14,14.4,14.4.1,ER_H2O_FISHFEXP,World,1992,45.94595,Float,All,A,T,NA,Total,Percentage,P
14,14.4,14.4.1,ER_H2O_FISHFEXP,World,1995,43.34764,Float,All,A,T,NA,Total,Percentage,P
14,14.4,14.4.1,ER_H2O_FISHFEXP,World,2008,52.83019,Float,All,A,T,NA,Total,Percentage,P
14,14.4,14.4.1,ER_H2O_FISHFEXP,World,2009,57.46835,Float,All,A,T,NA,Total,Percentage,P
14,14.4,14.4.1,ER_H2O_FISHFEXP,World,1983,52.66667,Float,All,A,T,NA,Total,Percentage,P
14,14.4,14.4.1,ER_H2O_FISHFEXP,World,1989,42.63158,Float,All,A,T,NA,Total,Percentage,P
14,14.4,14.4.1,ER_H2O_FISHFEXP,World,2000,47.16553,Float,All,A,T,NA,Total,Percentage,P
14,14.4,14.4.1,ER_H2O_FISHFEXP,World,2013,58.11404,Float,All,A,T,NA,Total,Percentage,P
14,14.4,14.4.1,ER_H2O_FISHFEXP,World,2006,51.50905,Float,All,A,T,NA,Total,Percentage,P
14,14.4,14.4.1,ER_H2O_FISHFEXP,World,1985,50.26738,Float,All,A,T,NA,Total,Percentage,P
